table,form,weighting,pre_vol_control,covariance,formula,term,coefficient,se,t,p,ci_low,ci_high,n,r_squared
Table 5,Pooled,proportional,False,Firm and quarter clusters,log_post_vol ~ Uncertainty_proportional_z + log_size + log_turnover + log_words + pre_return + C(form) + C(quarter),Intercept,3.602260506199798,0.8958594509015853,4.021010776382963,0.000730288757344123,1.7272051260937606,5.477315886305835,1002,0.6258054089814773
Table 5,Pooled,proportional,False,Firm and quarter clusters,log_post_vol ~ Uncertainty_proportional_z + log_size + log_turnover + log_words + pre_return + C(form) + C(quarter),C(form)[T.10-Q],-0.014180519258695689,0.0693041244442414,-0.20461291982852506,0.8400504946318834,-0.1592357187901998,0.13087468027280844,1002,0.6258054089814773
Table 5,Pooled,proportional,False,Firm and quarter clusters,log_post_vol ~ Uncertainty_proportional_z + log_size + log_turnover + log_words + pre_return + C(form) + C(quarter),C(quarter)[T.2021Q2],-0.22169001086931522,,,,,,1002,0.6258054089814773
Table 5,Pooled,proportional,False,Firm and quarter clusters,log_post_vol ~ Uncertainty_proportional_z + log_size + log_turnover + log_words + pre_return + C(form) + C(quarter),C(quarter)[T.2021Q3],-0.10542679107911884,,,,,,1002,0.6258054089814773
Table 5,Pooled,proportional,False,Firm and quarter clusters,log_post_vol ~ Uncertainty_proportional_z + log_size + log_turnover + log_words + pre_return + C(form) + C(quarter),C(quarter)[T.2021Q4],0.2818930205164564,,,,,,1002,0.6258054089814773
Table 5,Pooled,proportional,False,Firm and quarter clusters,log_post_vol ~ Uncertainty_proportional_z + log_size + log_turnover + log_words + pre_return + C(form) + C(quarter),C(quarter)[T.2022Q1],0.3276103684482785,,,,,,1002,0.6258054089814773
Table 5,Pooled,proportional,False,Firm and quarter clusters,log_post_vol ~ Uncertainty_proportional_z + log_size + log_turnover + log_words + pre_return + C(form) + C(quarter),C(quarter)[T.2022Q2],0.21081947318689057,,,,,,1002,0.6258054089814773
Table 5,Pooled,proportional,False,Firm and quarter clusters,log_post_vol ~ Uncertainty_proportional_z + log_size + log_turnover + log_words + pre_return + C(form) + C(quarter),C(quarter)[T.2022Q3],0.0977677629610354,,,,,,1002,0.6258054089814773
Table 5,Pooled,proportional,False,Firm and quarter clusters,log_post_vol ~ Uncertainty_proportional_z + log_size + log_turnover + log_words + pre_return + C(form) + C(quarter),C(quarter)[T.2022Q4],0.09640766288441154,,,,,,1002,0.6258054089814773
Table 5,Pooled,proportional,False,Firm and quarter clusters,log_post_vol ~ Uncertainty_proportional_z + log_size + log_turnover + log_words + pre_return + C(form) + C(quarter),C(quarter)[T.2023Q1],-0.040881355564558464,,,,,,1002,0.6258054089814773
Table 5,Pooled,proportional,False,Firm and quarter clusters,log_post_vol ~ Uncertainty_proportional_z + log_size + log_turnover + log_words + pre_return + C(form) + C(quarter),C(quarter)[T.2023Q2],-0.13289769510496735,,,,,,1002,0.6258054089814773
Table 5,Pooled,proportional,False,Firm and quarter clusters,log_post_vol ~ Uncertainty_proportional_z + log_size + log_turnover + log_words + pre_return + C(form) + C(quarter),C(quarter)[T.2023Q3],-0.13609805964128271,,,,,,1002,0.6258054089814773
Table 5,Pooled,proportional,False,Firm and quarter clusters,log_post_vol ~ Uncertainty_proportional_z + log_size + log_turnover + log_words + pre_return + C(form) + C(quarter),C(quarter)[T.2023Q4],-0.02150250278089871,,,,,,1002,0.6258054089814773
Table 5,Pooled,proportional,False,Firm and quarter clusters,log_post_vol ~ Uncertainty_proportional_z + log_size + log_turnover + log_words + pre_return + C(form) + C(quarter),C(quarter)[T.2024Q1],-0.12595934540803444,,,,,,1002,0.6258054089814773
Table 5,Pooled,proportional,False,Firm and quarter clusters,log_post_vol ~ Uncertainty_proportional_z + log_size + log_turnover + log_words + pre_return + C(form) + C(quarter),C(quarter)[T.2024Q2],-0.04962444048348723,,,,,,1002,0.6258054089814773
Table 5,Pooled,proportional,False,Firm and quarter clusters,log_post_vol ~ Uncertainty_proportional_z + log_size + log_turnover + log_words + pre_return + C(form) + C(quarter),C(quarter)[T.2024Q3],-0.045418741639986875,,,,,,1002,0.6258054089814773
Table 5,Pooled,proportional,False,Firm and quarter clusters,log_post_vol ~ Uncertainty_proportional_z + log_size + log_turnover + log_words + pre_return + C(form) + C(quarter),C(quarter)[T.2024Q4],0.12304374012206096,,,,,,1002,0.6258054089814773
Table 5,Pooled,proportional,False,Firm and quarter clusters,log_post_vol ~ Uncertainty_proportional_z + log_size + log_turnover + log_words + pre_return + C(form) + C(quarter),C(quarter)[T.2025Q1],0.17509407711088748,,,,,,1002,0.6258054089814773
Table 5,Pooled,proportional,False,Firm and quarter clusters,log_post_vol ~ Uncertainty_proportional_z + log_size + log_turnover + log_words + pre_return + C(form) + C(quarter),C(quarter)[T.2025Q2],-0.13818867450354633,0.02636082961543478,-5.242197477071593,4.641778494744651e-05,-0.19336252498281026,-0.08301482402428241,1002,0.6258054089814773
Table 5,Pooled,proportional,False,Firm and quarter clusters,log_post_vol ~ Uncertainty_proportional_z + log_size + log_turnover + log_words + pre_return + C(form) + C(quarter),C(quarter)[T.2025Q3],-0.022327986623481046,,,,,,1002,0.6258054089814773
Table 5,Pooled,proportional,False,Firm and quarter clusters,log_post_vol ~ Uncertainty_proportional_z + log_size + log_turnover + log_words + pre_return + C(form) + C(quarter),C(quarter)[T.2025Q4],-0.0065290064100597435,0.03446347328056319,-0.18944713891452117,0.8517515337805728,-0.07866188498473653,0.06560387216461705,1002,0.6258054089814773
Table 5,Pooled,proportional,False,Firm and quarter clusters,log_post_vol ~ Uncertainty_proportional_z + log_size + log_turnover + log_words + pre_return + C(form) + C(quarter),Uncertainty_proportional_z,0.10426911939086547,0.04145293978633353,2.5153612730077493,0.021047013457555396,0.017507119292130183,0.19103111948960078,1002,0.6258054089814773
Table 5,Pooled,proportional,False,Firm and quarter clusters,log_post_vol ~ Uncertainty_proportional_z + log_size + log_turnover + log_words + pre_return + C(form) + C(quarter),log_size,-0.1044704697362348,0.015961752154091582,-6.5450502380752225,2.8777072241424328e-06,-0.13787880094525212,-0.07106213852721749,1002,0.6258054089814773
Table 5,Pooled,proportional,False,Firm and quarter clusters,log_post_vol ~ Uncertainty_proportional_z + log_size + log_turnover + log_words + pre_return + C(form) + C(quarter),log_turnover,0.32419364441937015,0.04508832735892822,7.190190087084137,7.874774817988969e-07,0.22982269068409714,0.4185645981546432,1002,0.6258054089814773
Table 5,Pooled,proportional,False,Firm and quarter clusters,log_post_vol ~ Uncertainty_proportional_z + log_size + log_turnover + log_words + pre_return + C(form) + C(quarter),log_words,-0.04526756868735749,0.06829471387025761,-0.6628268298093206,0.5154027041234912,-0.18821004760673943,0.09767491023202446,1002,0.6258054089814773
Table 5,Pooled,proportional,False,Firm and quarter clusters,log_post_vol ~ Uncertainty_proportional_z + log_size + log_turnover + log_words + pre_return + C(form) + C(quarter),pre_return,0.040602667038735524,0.07299284251095901,0.5562554579599981,0.5845285776591435,-0.11217310813633907,0.19337844221381012,1002,0.6258054089814773
Table 5,Pooled,proportional,True,Firm and quarter clusters,log_post_vol ~ Uncertainty_proportional_z + log_size + log_turnover + log_words + pre_return + C(form) + C(quarter) + log_pre_vol,Intercept,1.218098542807958,0.41976555218593814,2.9018544672488815,0.009141360242193239,0.33951914487080326,2.0966779407451126,1002,0.7594840414587388
Table 5,Pooled,proportional,True,Firm and quarter clusters,log_post_vol ~ Uncertainty_proportional_z + log_size + log_turnover + log_words + pre_return + C(form) + C(quarter) + log_pre_vol,C(form)[T.10-Q],-0.012558742503587319,0.036347806261527275,-0.34551583149820664,0.7335026262033252,-0.08863557533393686,0.06351809032676221,1002,0.7594840414587388
Table 5,Pooled,proportional,True,Firm and quarter clusters,log_post_vol ~ Uncertainty_proportional_z + log_size + log_turnover + log_words + pre_return + C(form) + C(quarter) + log_pre_vol,C(quarter)[T.2021Q2],-0.23970667434377754,0.048718165982983334,-4.920272951726142,9.501693278522299e-05,-0.34167496763281824,-0.13773838105473682,1002,0.7594840414587388
Table 5,Pooled,proportional,True,Firm and quarter clusters,log_post_vol ~ Uncertainty_proportional_z + log_size + log_turnover + log_words + pre_return + C(form) + C(quarter) + log_pre_vol,C(quarter)[T.2021Q3],0.03505215698694117,0.010354965978222996,3.3850576680461897,0.003107715949587777,0.013378964111940773,0.05672534986194157,1002,0.7594840414587388
Table 5,Pooled,proportional,True,Firm and quarter clusters,log_post_vol ~ Uncertainty_proportional_z + log_size + log_turnover + log_words + pre_return + C(form) + C(quarter) + log_pre_vol,C(quarter)[T.2021Q4],0.33154508959673373,0.013498071676270153,24.56240398986737,7.37936644653042e-16,0.3032933008901728,0.35979687830329465,1002,0.7594840414587388
Table 5,Pooled,proportional,True,Firm and quarter clusters,log_post_vol ~ Uncertainty_proportional_z + log_size + log_turnover + log_words + pre_return + C(form) + C(quarter) + log_pre_vol,C(quarter)[T.2022Q1],0.2655435866762962,0.01839699337029509,14.434075249766579,1.0805070147920142e-11,0.22703823702347836,0.304048936329114,1002,0.7594840414587388
Table 5,Pooled,proportional,True,Firm and quarter clusters,log_post_vol ~ Uncertainty_proportional_z + log_size + log_turnover + log_words + pre_return + C(form) + C(quarter) + log_pre_vol,C(quarter)[T.2022Q2],0.12349168633342032,0.006208616238876496,19.89037195762759,3.519349532164944e-14,0.11049690320086178,0.13648646946597887,1002,0.7594840414587388
Table 5,Pooled,proportional,True,Firm and quarter clusters,log_post_vol ~ Uncertainty_proportional_z + log_size + log_turnover + log_words + pre_return + C(form) + C(quarter) + log_pre_vol,C(quarter)[T.2022Q3],-0.006076988139888568,0.025109494263383398,-0.24201953556470077,0.8113580553158312,-0.05863176362717745,0.04647778734740032,1002,0.7594840414587388
Table 5,Pooled,proportional,True,Firm and quarter clusters,log_post_vol ~ Uncertainty_proportional_z + log_size + log_turnover + log_words + pre_return + C(form) + C(quarter) + log_pre_vol,C(quarter)[T.2022Q4],0.029119078906775946,,,,,,1002,0.7594840414587388
Table 5,Pooled,proportional,True,Firm and quarter clusters,log_post_vol ~ Uncertainty_proportional_z + log_size + log_turnover + log_words + pre_return + C(form) + C(quarter) + log_pre_vol,C(quarter)[T.2023Q1],-0.0708550463490439,,,,,,1002,0.7594840414587388
Table 5,Pooled,proportional,True,Firm and quarter clusters,log_post_vol ~ Uncertainty_proportional_z + log_size + log_turnover + log_words + pre_return + C(form) + C(quarter) + log_pre_vol,C(quarter)[T.2023Q2],-0.05435582271501319,0.02374985485221054,-2.2886802068162524,0.03372523930428934,-0.10406484020939574,-0.004646805220630643,1002,0.7594840414587388
Table 5,Pooled,proportional,True,Firm and quarter clusters,log_post_vol ~ Uncertainty_proportional_z + log_size + log_turnover + log_words + pre_return + C(form) + C(quarter) + log_pre_vol,C(quarter)[T.2023Q3],-0.028774069130879123,0.027673228223989207,-1.0397799959578127,0.31149373861757745,-0.08669480146681946,0.02914666320506121,1002,0.7594840414587388
Table 5,Pooled,proportional,True,Firm and quarter clusters,log_post_vol ~ Uncertainty_proportional_z + log_size + log_turnover + log_words + pre_return + C(form) + C(quarter) + log_pre_vol,C(quarter)[T.2023Q4],0.07986704233250973,0.019978675999961323,3.9976143730777927,0.0007703790288648457,0.03805119288936071,0.12168289177565875,1002,0.7594840414587388
Table 5,Pooled,proportional,True,Firm and quarter clusters,log_post_vol ~ Uncertainty_proportional_z + log_size + log_turnover + log_words + pre_return + C(form) + C(quarter) + log_pre_vol,C(quarter)[T.2024Q1],-0.03468866699991217,,,,,,1002,0.7594840414587388
Table 5,Pooled,proportional,True,Firm and quarter clusters,log_post_vol ~ Uncertainty_proportional_z + log_size + log_turnover + log_words + pre_return + C(form) + C(quarter) + log_pre_vol,C(quarter)[T.2024Q2],0.03662288927383795,0.016394162076191245,2.233898207400565,0.03770610507641262,0.002309513696501217,0.07093626485117469,1002,0.7594840414587388
Table 5,Pooled,proportional,True,Firm and quarter clusters,log_post_vol ~ Uncertainty_proportional_z + log_size + log_turnover + log_words + pre_return + C(form) + C(quarter) + log_pre_vol,C(quarter)[T.2024Q3],0.017349720506989845,0.027283713258131958,0.635900265584954,0.5324271036710934,-0.039755747635859234,0.07445518864983892,1002,0.7594840414587388
Table 5,Pooled,proportional,True,Firm and quarter clusters,log_post_vol ~ Uncertainty_proportional_z + log_size + log_turnover + log_words + pre_return + C(form) + C(quarter) + log_pre_vol,C(quarter)[T.2024Q4],0.1665260794872762,0.01916666551003366,8.688317714946326,4.8157069419387384e-08,0.12640978753197768,0.20664237144257475,1002,0.7594840414587388
Table 5,Pooled,proportional,True,Firm and quarter clusters,log_post_vol ~ Uncertainty_proportional_z + log_size + log_turnover + log_words + pre_return + C(form) + C(quarter) + log_pre_vol,C(quarter)[T.2025Q1],0.21556110785153454,,,,,,1002,0.7594840414587388
Table 5,Pooled,proportional,True,Firm and quarter clusters,log_post_vol ~ Uncertainty_proportional_z + log_size + log_turnover + log_words + pre_return + C(form) + C(quarter) + log_pre_vol,C(quarter)[T.2025Q2],-0.23043205079430057,0.03959083766529211,-5.820337845397805,1.317465612086898e-05,-0.31329662636193145,-0.1475674752266697,1002,0.7594840414587388
Table 5,Pooled,proportional,True,Firm and quarter clusters,log_post_vol ~ Uncertainty_proportional_z + log_size + log_turnover + log_words + pre_return + C(form) + C(quarter) + log_pre_vol,C(quarter)[T.2025Q3],0.09981000880653335,,,,,,1002,0.7594840414587388
Table 5,Pooled,proportional,True,Firm and quarter clusters,log_post_vol ~ Uncertainty_proportional_z + log_size + log_turnover + log_words + pre_return + C(form) + C(quarter) + log_pre_vol,C(quarter)[T.2025Q4],0.072103156540693,0.03877193719390628,1.8596738197550093,0.0784870417141475,-0.009047440642161023,0.15325375372354705,1002,0.7594840414587388
Table 5,Pooled,proportional,True,Firm and quarter clusters,log_post_vol ~ Uncertainty_proportional_z + log_size + log_turnover + log_words + pre_return + C(form) + C(quarter) + log_pre_vol,Uncertainty_proportional_z,0.04423987435701155,0.018527656138613482,2.3877750119083463,0.027494756621123433,0.00546104438708777,0.08301870432693534,1002,0.7594840414587388
Table 5,Pooled,proportional,True,Firm and quarter clusters,log_post_vol ~ Uncertainty_proportional_z + log_size + log_turnover + log_words + pre_return + C(form) + C(quarter) + log_pre_vol,log_size,-0.04126997505580644,0.008863895073851527,-4.655963852454976,0.0001722254803108498,-0.059822320661129004,-0.022717629450483882,1002,0.7594840414587388
Table 5,Pooled,proportional,True,Firm and quarter clusters,log_post_vol ~ Uncertainty_proportional_z + log_size + log_turnover + log_words + pre_return + C(form) + C(quarter) + log_pre_vol,log_turnover,0.07378313827306783,0.02207534956348179,3.3423315930237316,0.0034225768411500317,0.027578900627228488,0.11998737591890718,1002,0.7594840414587388
Table 5,Pooled,proportional,True,Firm and quarter clusters,log_post_vol ~ Uncertainty_proportional_z + log_size + log_turnover + log_words + pre_return + C(form) + C(quarter) + log_pre_vol,log_words,-0.022622654118731527,0.029571832963938078,-0.7650068274874656,0.453665499826955,-0.08451721184519848,0.03927190360773543,1002,0.7594840414587388
Table 5,Pooled,proportional,True,Firm and quarter clusters,log_post_vol ~ Uncertainty_proportional_z + log_size + log_turnover + log_words + pre_return + C(form) + C(quarter) + log_pre_vol,pre_return,-0.05013971258133761,0.05271175006404911,-0.9512056139364324,0.3534443968161868,-0.16046667341535112,0.060187248252675886,1002,0.7594840414587388
Table 5,Pooled,proportional,True,Firm and quarter clusters,log_post_vol ~ Uncertainty_proportional_z + log_size + log_turnover + log_words + pre_return + C(form) + C(quarter) + log_pre_vol,log_pre_vol,0.6178111095234282,0.043153903537759164,14.316459436464436,1.2465933533645935e-11,0.5274889513772825,0.708133267669574,1002,0.7594840414587388
Table 6,Pooled,proportional,True,Firm and quarter clusters,filing_return ~ Negative_proportional_z + log_pre_vol + log_size + log_turnover + log_words + pre_return + C(form) + C(quarter),Intercept,0.04124416630318956,0.09122626326901416,0.45210846992127673,0.6563099410656212,-0.14969459711264224,0.23218292971902135,1002,0.04049681663850446
Table 6,Pooled,proportional,True,Firm and quarter clusters,filing_return ~ Negative_proportional_z + log_pre_vol + log_size + log_turnover + log_words + pre_return + C(form) + C(quarter),C(form)[T.10-Q],-0.008057748832630504,0.008405180361504493,-0.958664595650414,0.3497688954009056,-0.025649993510899735,0.009534495845638724,1002,0.04049681663850446
Table 6,Pooled,proportional,True,Firm and quarter clusters,filing_return ~ Negative_proportional_z + log_pre_vol + log_size + log_turnover + log_words + pre_return + C(form) + C(quarter),C(quarter)[T.2021Q2],0.0031802656966312065,,,,,,1002,0.04049681663850446
Table 6,Pooled,proportional,True,Firm and quarter clusters,filing_return ~ Negative_proportional_z + log_pre_vol + log_size + log_turnover + log_words + pre_return + C(form) + C(quarter),C(quarter)[T.2021Q3],0.02314033509698017,0.006349914666730869,3.6441962312059735,0.0017257947430482589,0.00984981095607234,0.036430859237888,1002,0.04049681663850446
Table 6,Pooled,proportional,True,Firm and quarter clusters,filing_return ~ Negative_proportional_z + log_pre_vol + log_size + log_turnover + log_words + pre_return + C(form) + C(quarter),C(quarter)[T.2021Q4],0.014100783593572506,0.005902978587869299,2.388757367771892,0.02743873020196193,0.0017457074165048731,0.02645585977064014,1002,0.04049681663850446
Table 6,Pooled,proportional,True,Firm and quarter clusters,filing_return ~ Negative_proportional_z + log_pre_vol + log_size + log_turnover + log_words + pre_return + C(form) + C(quarter),C(quarter)[T.2022Q1],0.041577323965573475,0.007356043891299651,5.652131034012588,1.8930629617414e-05,0.026180947155800008,0.05697370077534694,1002,0.04049681663850446
Table 6,Pooled,proportional,True,Firm and quarter clusters,filing_return ~ Negative_proportional_z + log_pre_vol + log_size + log_turnover + log_words + pre_return + C(form) + C(quarter),C(quarter)[T.2022Q2],-0.005084868766284802,0.005419224153415762,-0.9383019824119632,0.35986490647552605,-0.016427435275614494,0.006257697743044891,1002,0.04049681663850446
Table 6,Pooled,proportional,True,Firm and quarter clusters,filing_return ~ Negative_proportional_z + log_pre_vol + log_size + log_turnover + log_words + pre_return + C(form) + C(quarter),C(quarter)[T.2022Q3],0.04796092285129427,0.005913043007496439,8.11103906913756,1.364842042922627e-07,0.03558478160185337,0.060337064100735166,1002,0.04049681663850446
Table 6,Pooled,proportional,True,Firm and quarter clusters,filing_return ~ Negative_proportional_z + log_pre_vol + log_size + log_turnover + log_words + pre_return + C(form) + C(quarter),C(quarter)[T.2022Q4],0.02604624892140702,0.004695329683616106,5.547267322312394,2.377041466324055e-05,0.01621881095022116,0.03587368689259288,1002,0.04049681663850446
Table 6,Pooled,proportional,True,Firm and quarter clusters,filing_return ~ Negative_proportional_z + log_pre_vol + log_size + log_turnover + log_words + pre_return + C(form) + C(quarter),C(quarter)[T.2023Q1],0.028810289070316592,0.010981703296590015,2.6234809202378124,0.0167247180849798,0.005825319912178668,0.051795258228454516,1002,0.04049681663850446
Table 6,Pooled,proportional,True,Firm and quarter clusters,filing_return ~ Negative_proportional_z + log_pre_vol + log_size + log_turnover + log_words + pre_return + C(form) + C(quarter),C(quarter)[T.2023Q2],0.039316601079642854,0.003930522341750484,10.002894694686544,5.238544465335194e-09,0.031089923271969813,0.047543278887315896,1002,0.04049681663850446
Table 6,Pooled,proportional,True,Firm and quarter clusters,filing_return ~ Negative_proportional_z + log_pre_vol + log_size + log_turnover + log_words + pre_return + C(form) + C(quarter),C(quarter)[T.2023Q3],0.014903959403090602,0.004362899026718283,3.4160679199356054,0.0028972045538606813,0.005772306793214638,0.024035612012966567,1002,0.04049681663850446
Table 6,Pooled,proportional,True,Firm and quarter clusters,filing_return ~ Negative_proportional_z + log_pre_vol + log_size + log_turnover + log_words + pre_return + C(form) + C(quarter),C(quarter)[T.2023Q4],0.018176694410078593,0.010026988144851605,1.8127770919337811,0.0856980285798752,-0.0028100329703627594,0.039163421790519945,1002,0.04049681663850446
Table 6,Pooled,proportional,True,Firm and quarter clusters,filing_return ~ Negative_proportional_z + log_pre_vol + log_size + log_turnover + log_words + pre_return + C(form) + C(quarter),C(quarter)[T.2024Q1],0.028165215771863934,,,,,,1002,0.04049681663850446
Table 6,Pooled,proportional,True,Firm and quarter clusters,filing_return ~ Negative_proportional_z + log_pre_vol + log_size + log_turnover + log_words + pre_return + C(form) + C(quarter),C(quarter)[T.2024Q2],0.07329531272498442,0.011367840271705816,6.447602268604536,3.5169389671996975e-06,0.049502149589632664,0.09708847586033617,1002,0.04049681663850446
Table 6,Pooled,proportional,True,Firm and quarter clusters,filing_return ~ Negative_proportional_z + log_pre_vol + log_size + log_turnover + log_words + pre_return + C(form) + C(quarter),C(quarter)[T.2024Q3],0.024409152102683684,,,,,,1002,0.04049681663850446
Table 6,Pooled,proportional,True,Firm and quarter clusters,filing_return ~ Negative_proportional_z + log_pre_vol + log_size + log_turnover + log_words + pre_return + C(form) + C(quarter),C(quarter)[T.2024Q4],0.029597274762690997,0.010415871195434818,2.8415553732714374,0.010433206856196496,0.0077966058030272956,0.0513979437223547,1002,0.04049681663850446
Table 6,Pooled,proportional,True,Firm and quarter clusters,filing_return ~ Negative_proportional_z + log_pre_vol + log_size + log_turnover + log_words + pre_return + C(form) + C(quarter),C(quarter)[T.2025Q1],0.029099529638177423,0.005836264534636512,4.985985379086277,8.202761906551374e-05,0.01688408757929309,0.041314971697061754,1002,0.04049681663850446
Table 6,Pooled,proportional,True,Firm and quarter clusters,filing_return ~ Negative_proportional_z + log_pre_vol + log_size + log_turnover + log_words + pre_return + C(form) + C(quarter),C(quarter)[T.2025Q2],0.03942540507919147,,,,,,1002,0.04049681663850446
Table 6,Pooled,proportional,True,Firm and quarter clusters,filing_return ~ Negative_proportional_z + log_pre_vol + log_size + log_turnover + log_words + pre_return + C(form) + C(quarter),C(quarter)[T.2025Q3],0.008063063888101261,0.009523490092906785,0.846650105102407,0.40772801452783275,-0.01186982995827186,0.027995957734474382,1002,0.04049681663850446
Table 6,Pooled,proportional,True,Firm and quarter clusters,filing_return ~ Negative_proportional_z + log_pre_vol + log_size + log_turnover + log_words + pre_return + C(form) + C(quarter),C(quarter)[T.2025Q4],0.005612339228966607,0.0012165664590180634,4.613261517580007,0.0001896846695631431,0.0030660363664554604,0.008158642091477753,1002,0.04049681663850446
Table 6,Pooled,proportional,True,Firm and quarter clusters,filing_return ~ Negative_proportional_z + log_pre_vol + log_size + log_turnover + log_words + pre_return + C(form) + C(quarter),Negative_proportional_z,-0.003197859411254502,0.0028475249608745346,-1.1230312131389966,0.2754150176188174,-0.009157797649892982,0.002762078827383977,1002,0.04049681663850446
Table 6,Pooled,proportional,True,Firm and quarter clusters,filing_return ~ Negative_proportional_z + log_pre_vol + log_size + log_turnover + log_words + pre_return + C(form) + C(quarter),log_pre_vol,-0.03165075991739688,0.016769903991351663,-1.887354867011723,0.07448565059336153,-0.06675057236141382,0.003449052526620054,1002,0.04049681663850446
Table 6,Pooled,proportional,True,Firm and quarter clusters,filing_return ~ Negative_proportional_z + log_pre_vol + log_size + log_turnover + log_words + pre_return + C(form) + C(quarter),log_size,-0.001042256434457308,0.00208902135839682,-0.4989209087154418,0.6235623160375542,-0.005414628387754573,0.003330115518839957,1002,0.04049681663850446
Table 6,Pooled,proportional,True,Firm and quarter clusters,filing_return ~ Negative_proportional_z + log_pre_vol + log_size + log_turnover + log_words + pre_return + C(form) + C(quarter),log_turnover,0.014552613896560469,0.008403010735914592,1.731833309978099,0.09950789996765512,-0.0030350897031600366,0.032140317496280976,1002,0.04049681663850446
Table 6,Pooled,proportional,True,Firm and quarter clusters,filing_return ~ Negative_proportional_z + log_pre_vol + log_size + log_turnover + log_words + pre_return + C(form) + C(quarter),log_words,0.0003407887011565477,0.007947768195863594,0.042878540586263045,0.9662457686210452,-0.01629408131164728,0.016975658713960375,1002,0.04049681663850446
Table 6,Pooled,proportional,True,Firm and quarter clusters,filing_return ~ Negative_proportional_z + log_pre_vol + log_size + log_turnover + log_words + pre_return + C(form) + C(quarter),pre_return,0.013836989360762223,0.023399518280381438,0.5913365050922179,0.5612651210936168,-0.03513876526164307,0.06281274398316751,1002,0.04049681663850446
Table 5,Pooled,tfidf,False,Firm and quarter clusters,log_post_vol ~ Uncertainty_tfidf_z + log_size + log_turnover + log_words + pre_return + C(form) + C(quarter),Intercept,3.015531621083415,0.8429661170928483,3.5772868682825956,0.0020096345266938094,1.2511832609569127,4.779879981209918,1002,0.6124435199712421
Table 5,Pooled,tfidf,False,Firm and quarter clusters,log_post_vol ~ Uncertainty_tfidf_z + log_size + log_turnover + log_words + pre_return + C(form) + C(quarter),C(form)[T.10-Q],0.10388720982810616,0.047890716598822894,2.169255697265127,0.04295630478889363,0.003650788003918576,0.20412363165229375,1002,0.6124435199712421
Table 5,Pooled,tfidf,False,Firm and quarter clusters,log_post_vol ~ Uncertainty_tfidf_z + log_size + log_turnover + log_words + pre_return + C(form) + C(quarter),C(quarter)[T.2021Q2],-0.19673448107217797,,,,,,1002,0.6124435199712421
Table 5,Pooled,tfidf,False,Firm and quarter clusters,log_post_vol ~ Uncertainty_tfidf_z + log_size + log_turnover + log_words + pre_return + C(form) + C(quarter),C(quarter)[T.2021Q3],-0.1070511959024381,,,,,,1002,0.6124435199712421
Table 5,Pooled,tfidf,False,Firm and quarter clusters,log_post_vol ~ Uncertainty_tfidf_z + log_size + log_turnover + log_words + pre_return + C(form) + C(quarter),C(quarter)[T.2021Q4],0.28450324457411896,,,,,,1002,0.6124435199712421
Table 5,Pooled,tfidf,False,Firm and quarter clusters,log_post_vol ~ Uncertainty_tfidf_z + log_size + log_turnover + log_words + pre_return + C(form) + C(quarter),C(quarter)[T.2022Q1],0.31826837549298875,,,,,,1002,0.6124435199712421
Table 5,Pooled,tfidf,False,Firm and quarter clusters,log_post_vol ~ Uncertainty_tfidf_z + log_size + log_turnover + log_words + pre_return + C(form) + C(quarter),C(quarter)[T.2022Q2],0.2369544860194915,,,,,,1002,0.6124435199712421
Table 5,Pooled,tfidf,False,Firm and quarter clusters,log_post_vol ~ Uncertainty_tfidf_z + log_size + log_turnover + log_words + pre_return + C(form) + C(quarter),C(quarter)[T.2022Q3],0.09726880699772479,,,,,,1002,0.6124435199712421
Table 5,Pooled,tfidf,False,Firm and quarter clusters,log_post_vol ~ Uncertainty_tfidf_z + log_size + log_turnover + log_words + pre_return + C(form) + C(quarter),C(quarter)[T.2022Q4],0.09378556083146075,,,,,,1002,0.6124435199712421
Table 5,Pooled,tfidf,False,Firm and quarter clusters,log_post_vol ~ Uncertainty_tfidf_z + log_size + log_turnover + log_words + pre_return + C(form) + C(quarter),C(quarter)[T.2023Q1],-0.044043696789252865,,,,,,1002,0.6124435199712421
Table 5,Pooled,tfidf,False,Firm and quarter clusters,log_post_vol ~ Uncertainty_tfidf_z + log_size + log_turnover + log_words + pre_return + C(form) + C(quarter),C(quarter)[T.2023Q2],-0.10487423102743117,,,,,,1002,0.6124435199712421
Table 5,Pooled,tfidf,False,Firm and quarter clusters,log_post_vol ~ Uncertainty_tfidf_z + log_size + log_turnover + log_words + pre_return + C(form) + C(quarter),C(quarter)[T.2023Q3],-0.1343508125650271,,,,,,1002,0.6124435199712421
Table 5,Pooled,tfidf,False,Firm and quarter clusters,log_post_vol ~ Uncertainty_tfidf_z + log_size + log_turnover + log_words + pre_return + C(form) + C(quarter),C(quarter)[T.2023Q4],-0.01885599829445936,,,,,,1002,0.6124435199712421
Table 5,Pooled,tfidf,False,Firm and quarter clusters,log_post_vol ~ Uncertainty_tfidf_z + log_size + log_turnover + log_words + pre_return + C(form) + C(quarter),C(quarter)[T.2024Q1],-0.11891456535466234,,,,,,1002,0.6124435199712421
Table 5,Pooled,tfidf,False,Firm and quarter clusters,log_post_vol ~ Uncertainty_tfidf_z + log_size + log_turnover + log_words + pre_return + C(form) + C(quarter),C(quarter)[T.2024Q2],-0.03209951189435417,,,,,,1002,0.6124435199712421
Table 5,Pooled,tfidf,False,Firm and quarter clusters,log_post_vol ~ Uncertainty_tfidf_z + log_size + log_turnover + log_words + pre_return + C(form) + C(quarter),C(quarter)[T.2024Q3],-0.04878466198097641,,,,,,1002,0.6124435199712421
Table 5,Pooled,tfidf,False,Firm and quarter clusters,log_post_vol ~ Uncertainty_tfidf_z + log_size + log_turnover + log_words + pre_return + C(form) + C(quarter),C(quarter)[T.2024Q4],0.11591528646343557,,,,,,1002,0.6124435199712421
Table 5,Pooled,tfidf,False,Firm and quarter clusters,log_post_vol ~ Uncertainty_tfidf_z + log_size + log_turnover + log_words + pre_return + C(form) + C(quarter),C(quarter)[T.2025Q1],0.19358211378826995,,,,,,1002,0.6124435199712421
Table 5,Pooled,tfidf,False,Firm and quarter clusters,log_post_vol ~ Uncertainty_tfidf_z + log_size + log_turnover + log_words + pre_return + C(form) + C(quarter),C(quarter)[T.2025Q2],-0.11715106664460768,0.030403425861114376,-3.853219277977569,0.0010713665010145625,-0.1807861683083397,-0.053515964980875644,1002,0.6124435199712421
Table 5,Pooled,tfidf,False,Firm and quarter clusters,log_post_vol ~ Uncertainty_tfidf_z + log_size + log_turnover + log_words + pre_return + C(form) + C(quarter),C(quarter)[T.2025Q3],-0.02690214791979926,,,,,,1002,0.6124435199712421
Table 5,Pooled,tfidf,False,Firm and quarter clusters,log_post_vol ~ Uncertainty_tfidf_z + log_size + log_turnover + log_words + pre_return + C(form) + C(quarter),C(quarter)[T.2025Q4],-0.008621131664548082,0.03209395278185091,-0.2686216846876936,0.7911158633763946,-0.0757945468380065,0.058552283508910334,1002,0.6124435199712421
Table 5,Pooled,tfidf,False,Firm and quarter clusters,log_post_vol ~ Uncertainty_tfidf_z + log_size + log_turnover + log_words + pre_return + C(form) + C(quarter),Uncertainty_tfidf_z,0.08382705462883572,0.05728928099750662,1.4632240651175932,0.1597533541627128,-0.03608078855870246,0.20373489781637388,1002,0.6124435199712421
Table 5,Pooled,tfidf,False,Firm and quarter clusters,log_post_vol ~ Uncertainty_tfidf_z + log_size + log_turnover + log_words + pre_return + C(form) + C(quarter),log_size,-0.09547115118778415,0.016581596036553337,-5.7576575244821155,1.5074080813410942e-05,-0.13017683055277177,-0.06076547182279655,1002,0.6124435199712421
Table 5,Pooled,tfidf,False,Firm and quarter clusters,log_post_vol ~ Uncertainty_tfidf_z + log_size + log_turnover + log_words + pre_return + C(form) + C(quarter),log_turnover,0.3375174942126074,0.04669350913582815,7.228360011041206,7.306410709581049e-07,0.23978685640658498,0.43524813201862983,1002,0.6124435199712421
Table 5,Pooled,tfidf,False,Firm and quarter clusters,log_post_vol ~ Uncertainty_tfidf_z + log_size + log_turnover + log_words + pre_return + C(form) + C(quarter),log_words,-0.010463340906036313,0.07274765223375522,-0.14383063349474362,0.8871487746659188,-0.16272592693301632,0.1417992451209437,1002,0.6124435199712421
Table 5,Pooled,tfidf,False,Firm and quarter clusters,log_post_vol ~ Uncertainty_tfidf_z + log_size + log_turnover + log_words + pre_return + C(form) + C(quarter),pre_return,0.044484741829204276,0.07461107280873891,0.5962217155520373,0.5580643101356757,-0.11167802828469595,0.2006475119431045,1002,0.6124435199712421
Table 5,Pooled,tfidf,True,Firm and quarter clusters,log_post_vol ~ Uncertainty_tfidf_z + log_size + log_turnover + log_words + pre_return + C(form) + C(quarter) + log_pre_vol,Intercept,0.976782659951502,0.40162637391658684,2.4320680199014233,0.025071778821223297,0.13616899845930008,1.817396321443704,1002,0.7573412746964393
Table 5,Pooled,tfidf,True,Firm and quarter clusters,log_post_vol ~ Uncertainty_tfidf_z + log_size + log_turnover + log_words + pre_return + C(form) + C(quarter) + log_pre_vol,C(form)[T.10-Q],0.03650974478878658,0.02943169518916886,1.2404907211128808,0.22989450117018526,-0.025091501204157138,0.0981109907817303,1002,0.7573412746964393
Table 5,Pooled,tfidf,True,Firm and quarter clusters,log_post_vol ~ Uncertainty_tfidf_z + log_size + log_turnover + log_words + pre_return + C(form) + C(quarter) + log_pre_vol,C(quarter)[T.2021Q2],-0.22964761645571713,0.04933922231548354,-4.654463643291953,0.00017281035956139514,-0.33291579558782336,-0.12637943732361087,1002,0.7573412746964393
Table 5,Pooled,tfidf,True,Firm and quarter clusters,log_post_vol ~ Uncertainty_tfidf_z + log_size + log_turnover + log_words + pre_return + C(form) + C(quarter) + log_pre_vol,C(quarter)[T.2021Q3],0.03820990299888473,,,,,,1002,0.7573412746964393
Table 5,Pooled,tfidf,True,Firm and quarter clusters,log_post_vol ~ Uncertainty_tfidf_z + log_size + log_turnover + log_words + pre_return + C(form) + C(quarter) + log_pre_vol,C(quarter)[T.2021Q4],0.334336885842817,0.008447414797894707,39.57860408679606,1.013648900884684e-19,0.3166562434732587,0.3520175282123753,1002,0.7573412746964393
Table 5,Pooled,tfidf,True,Firm and quarter clusters,log_post_vol ~ Uncertainty_tfidf_z + log_size + log_turnover + log_words + pre_return + C(form) + C(quarter) + log_pre_vol,C(quarter)[T.2022Q1],0.2591072793191095,0.020830457286366563,12.438866596015345,1.409135936152257e-10,0.21550863115441946,0.30270592748379954,1002,0.7573412746964393
Table 5,Pooled,tfidf,True,Firm and quarter clusters,log_post_vol ~ Uncertainty_tfidf_z + log_size + log_turnover + log_words + pre_return + C(form) + C(quarter) + log_pre_vol,C(quarter)[T.2022Q2],0.13219098610877128,0.0014240464673314795,92.82771955923879,1.0244252612878161e-26,0.12921042259805132,0.13517154961949124,1002,0.7573412746964393
Table 5,Pooled,tfidf,True,Firm and quarter clusters,log_post_vol ~ Uncertainty_tfidf_z + log_size + log_turnover + log_words + pre_return + C(form) + C(quarter) + log_pre_vol,C(quarter)[T.2022Q3],-0.008268932246637358,0.021413939472667114,-0.3861471756372467,0.7036777020601925,-0.0530888226625732,0.036550958169298486,1002,0.7573412746964393
Table 5,Pooled,tfidf,True,Firm and quarter clusters,log_post_vol ~ Uncertainty_tfidf_z + log_size + log_turnover + log_words + pre_return + C(form) + C(quarter) + log_pre_vol,C(quarter)[T.2022Q4],0.027058356473592407,,,,,,1002,0.7573412746964393
Table 5,Pooled,tfidf,True,Firm and quarter clusters,log_post_vol ~ Uncertainty_tfidf_z + log_size + log_turnover + log_words + pre_return + C(form) + C(quarter) + log_pre_vol,C(quarter)[T.2023Q1],-0.07355558343225342,,,,,,1002,0.7573412746964393
Table 5,Pooled,tfidf,True,Firm and quarter clusters,log_post_vol ~ Uncertainty_tfidf_z + log_size + log_turnover + log_words + pre_return + C(form) + C(quarter) + log_pre_vol,C(quarter)[T.2023Q2],-0.040957821095339,0.017048894668290963,-2.4023739891780767,0.026673010323757174,-0.07664156773714555,-0.005274074453532451,1002,0.7573412746964393
Table 5,Pooled,tfidf,True,Firm and quarter clusters,log_post_vol ~ Uncertainty_tfidf_z + log_size + log_turnover + log_words + pre_return + C(form) + C(quarter) + log_pre_vol,C(quarter)[T.2023Q3],-0.025176949538594527,0.026267213258370326,-0.9584933617033632,0.34985297805218485,-0.08015485873063646,0.029800959653447416,1002,0.7573412746964393
Table 5,Pooled,tfidf,True,Firm and quarter clusters,log_post_vol ~ Uncertainty_tfidf_z + log_size + log_turnover + log_words + pre_return + C(form) + C(quarter) + log_pre_vol,C(quarter)[T.2023Q4],0.08384495125885871,0.01481823299068797,5.658228704566078,1.868240601231493e-05,0.052830033165522025,0.1148598693521954,1002,0.7573412746964393
Table 5,Pooled,tfidf,True,Firm and quarter clusters,log_post_vol ~ Uncertainty_tfidf_z + log_size + log_turnover + log_words + pre_return + C(form) + C(quarter) + log_pre_vol,C(quarter)[T.2024Q1],-0.030017901233577757,,,,,,1002,0.7573412746964393
Table 5,Pooled,tfidf,True,Firm and quarter clusters,log_post_vol ~ Uncertainty_tfidf_z + log_size + log_turnover + log_words + pre_return + C(form) + C(quarter) + log_pre_vol,C(quarter)[T.2024Q2],0.046017545241618704,0.013411919323806145,3.431093203784607,0.002800317275632585,0.017946075481108825,0.07408901500212858,1002,0.7573412746964393
Table 5,Pooled,tfidf,True,Firm and quarter clusters,log_post_vol ~ Uncertainty_tfidf_z + log_size + log_turnover + log_words + pre_return + C(form) + C(quarter) + log_pre_vol,C(quarter)[T.2024Q3],0.017799967243029503,0.02514952451601592,0.7077655576229278,0.48768289237509777,-0.03483859252592329,0.0704385270119823,1002,0.7573412746964393
Table 5,Pooled,tfidf,True,Firm and quarter clusters,log_post_vol ~ Uncertainty_tfidf_z + log_size + log_turnover + log_words + pre_return + C(form) + C(quarter) + log_pre_vol,C(quarter)[T.2024Q4],0.16533775539039516,0.017954437894563677,9.208740276990618,1.9519696476048396e-08,0.1277586849936933,0.20291682578709702,1002,0.7573412746964393
Table 5,Pooled,tfidf,True,Firm and quarter clusters,log_post_vol ~ Uncertainty_tfidf_z + log_size + log_turnover + log_words + pre_return + C(form) + C(quarter) + log_pre_vol,C(quarter)[T.2025Q1],0.22404490675949562,,,,,,1002,0.7573412746964393
Table 5,Pooled,tfidf,True,Firm and quarter clusters,log_post_vol ~ Uncertainty_tfidf_z + log_size + log_turnover + log_words + pre_return + C(form) + C(quarter) + log_pre_vol,C(quarter)[T.2025Q2],-0.22378844581959006,0.039211734605669436,-5.707180467023603,1.6806730299949696e-05,-0.3058595495643309,-0.14171734207484923,1002,0.7573412746964393
Table 5,Pooled,tfidf,True,Firm and quarter clusters,log_post_vol ~ Uncertainty_tfidf_z + log_size + log_turnover + log_words + pre_return + C(form) + C(quarter) + log_pre_vol,C(quarter)[T.2025Q3],0.10143691152713907,,,,,,1002,0.7573412746964393
Table 5,Pooled,tfidf,True,Firm and quarter clusters,log_post_vol ~ Uncertainty_tfidf_z + log_size + log_turnover + log_words + pre_return + C(form) + C(quarter) + log_pre_vol,C(quarter)[T.2025Q4],0.07386883160035906,0.03725467939881005,1.9828067988344706,0.0620359831086967,-0.004106108520620044,0.15184377172133817,1002,0.7573412746964393
Table 5,Pooled,tfidf,True,Firm and quarter clusters,log_post_vol ~ Uncertainty_tfidf_z + log_size + log_turnover + log_words + pre_return + C(form) + C(quarter) + log_pre_vol,Uncertainty_tfidf_z,0.04020226427597837,0.024090180877428848,1.6688236788477433,0.11154763846034736,-0.010219063775527268,0.090623592327484,1002,0.7573412746964393
Table 5,Pooled,tfidf,True,Firm and quarter clusters,log_post_vol ~ Uncertainty_tfidf_z + log_size + log_turnover + log_words + pre_return + C(form) + C(quarter) + log_pre_vol,log_size,-0.03586288600448901,0.007968307086045078,-4.500690751150366,0.0002448004990371297,-0.05254074440849353,-0.019185027600484485,1002,0.7573412746964393
Table 5,Pooled,tfidf,True,Firm and quarter clusters,log_post_vol ~ Uncertainty_tfidf_z + log_size + log_turnover + log_words + pre_return + C(form) + C(quarter) + log_pre_vol,log_turnover,0.07340380061687576,0.02310036873947205,3.1776029830835237,0.004956772794660046,0.025054173179459023,0.12175342805429251,1002,0.7573412746964393
Table 5,Pooled,tfidf,True,Firm and quarter clusters,log_post_vol ~ Uncertainty_tfidf_z + log_size + log_turnover + log_words + pre_return + C(form) + C(quarter) + log_pre_vol,log_words,-0.014037970873614386,0.0337491101885852,-0.41595084419032713,0.6821064759179339,-0.08467567031319975,0.05659972856597098,1002,0.7573412746964393
Table 5,Pooled,tfidf,True,Firm and quarter clusters,log_post_vol ~ Uncertainty_tfidf_z + log_size + log_turnover + log_words + pre_return + C(form) + C(quarter) + log_pre_vol,pre_return,-0.0510048393687763,0.05322298297951914,-0.9583235758958416,0.3499363632919528,-0.16240182299227385,0.06039214425472127,1002,0.7573412746964393
Table 5,Pooled,tfidf,True,Firm and quarter clusters,log_post_vol ~ Uncertainty_tfidf_z + log_size + log_turnover + log_words + pre_return + C(form) + C(quarter) + log_pre_vol,log_pre_vol,0.6323119183207067,0.045856159128981694,13.789029223799018,2.3963379176291336e-11,0.5363338742209728,0.7282899624204405,1002,0.7573412746964393
Table 6,Pooled,tfidf,True,Firm and quarter clusters,filing_return ~ Negative_tfidf_z + log_pre_vol + log_size + log_turnover + log_words + pre_return + C(form) + C(quarter),Intercept,0.036690122482968233,0.12646549211238822,0.2901196355632112,0.7748673353434804,-0.22800519456084453,0.301385439526781,1002,0.0403261336671662
Table 6,Pooled,tfidf,True,Firm and quarter clusters,filing_return ~ Negative_tfidf_z + log_pre_vol + log_size + log_turnover + log_words + pre_return + C(form) + C(quarter),C(form)[T.10-Q],-0.010300076730284173,0.008443791778851776,-1.2198402092388905,0.23745138934343374,-0.02797313603383606,0.007372982573267716,1002,0.0403261336671662
Table 6,Pooled,tfidf,True,Firm and quarter clusters,filing_return ~ Negative_tfidf_z + log_pre_vol + log_size + log_turnover + log_words + pre_return + C(form) + C(quarter),C(quarter)[T.2021Q2],0.003555639697514481,,,,,,1002,0.0403261336671662
Table 6,Pooled,tfidf,True,Firm and quarter clusters,filing_return ~ Negative_tfidf_z + log_pre_vol + log_size + log_turnover + log_words + pre_return + C(form) + C(quarter),C(quarter)[T.2021Q3],0.023321674638024755,0.006005441590244413,3.883423772851248,0.0009999590742465066,0.010752140932299113,0.0358912083437504,1002,0.0403261336671662
Table 6,Pooled,tfidf,True,Firm and quarter clusters,filing_return ~ Negative_tfidf_z + log_pre_vol + log_size + log_turnover + log_words + pre_return + C(form) + C(quarter),C(quarter)[T.2021Q4],0.014175030583725719,0.005840143564961294,2.4271715970769403,0.025329481453889698,0.0019514696210638383,0.0263985915463876,1002,0.0403261336671662
Table 6,Pooled,tfidf,True,Firm and quarter clusters,filing_return ~ Negative_tfidf_z + log_pre_vol + log_size + log_turnover + log_words + pre_return + C(form) + C(quarter),C(quarter)[T.2022Q1],0.04186159686540749,0.007898187336275514,5.30015243790708,4.08449583637342e-05,0.025330500784359753,0.05839269294645523,1002,0.0403261336671662
Table 6,Pooled,tfidf,True,Firm and quarter clusters,filing_return ~ Negative_tfidf_z + log_pre_vol + log_size + log_turnover + log_words + pre_return + C(form) + C(quarter),C(quarter)[T.2022Q2],-0.0049384149007591135,0.005296695555324834,-0.9323577028690017,0.36284909787642244,-0.016024526106931565,0.00614769630541334,1002,0.0403261336671662
Table 6,Pooled,tfidf,True,Firm and quarter clusters,filing_return ~ Negative_tfidf_z + log_pre_vol + log_size + log_turnover + log_words + pre_return + C(form) + C(quarter),C(quarter)[T.2022Q3],0.04809618982366544,0.006112075322853663,7.869044028928924,2.1396703165845912e-07,0.03530346915057729,0.06088891049675359,1002,0.0403261336671662
Table 6,Pooled,tfidf,True,Firm and quarter clusters,filing_return ~ Negative_tfidf_z + log_pre_vol + log_size + log_turnover + log_words + pre_return + C(form) + C(quarter),C(quarter)[T.2022Q4],0.025940141982052807,0.004361836108135152,5.94706938522346,1.0048748960825209e-05,0.01681071408633921,0.0350695698777664,1002,0.0403261336671662
Table 6,Pooled,tfidf,True,Firm and quarter clusters,filing_return ~ Negative_tfidf_z + log_pre_vol + log_size + log_turnover + log_words + pre_return + C(form) + C(quarter),C(quarter)[T.2023Q1],0.02897459973812399,0.011448117649004531,2.5309488097935007,0.020364699469331195,0.00501341412106121,0.05293578535518677,1002,0.0403261336671662
Table 6,Pooled,tfidf,True,Firm and quarter clusters,filing_return ~ Negative_tfidf_z + log_pre_vol + log_size + log_turnover + log_words + pre_return + C(form) + C(quarter),C(quarter)[T.2023Q2],0.03928029002439269,0.0031079067912749628,12.638824991362968,1.0736955025988783e-10,0.03277536635139525,0.04578521369739013,1002,0.0403261336671662
Table 6,Pooled,tfidf,True,Firm and quarter clusters,filing_return ~ Negative_tfidf_z + log_pre_vol + log_size + log_turnover + log_words + pre_return + C(form) + C(quarter),C(quarter)[T.2023Q3],0.015038318264267438,0.0037254372036667066,4.036658636861787,0.0007046480629246949,0.0072408885838053955,0.02283574794472948,1002,0.0403261336671662
Table 6,Pooled,tfidf,True,Firm and quarter clusters,filing_return ~ Negative_tfidf_z + log_pre_vol + log_size + log_turnover + log_words + pre_return + C(form) + C(quarter),C(quarter)[T.2023Q4],0.018178445480888348,0.009819870630058344,1.8511899153991547,0.07975068887072072,-0.0023747799590014412,0.03873167092077814,1002,0.0403261336671662
Table 6,Pooled,tfidf,True,Firm and quarter clusters,filing_return ~ Negative_tfidf_z + log_pre_vol + log_size + log_turnover + log_words + pre_return + C(form) + C(quarter),C(quarter)[T.2024Q1],0.02836114684525009,,,,,,1002,0.0403261336671662
Table 6,Pooled,tfidf,True,Firm and quarter clusters,filing_return ~ Negative_tfidf_z + log_pre_vol + log_size + log_turnover + log_words + pre_return + C(form) + C(quarter),C(quarter)[T.2024Q2],0.07367277964980803,0.011647688512195269,6.325098715738471,4.533721963148135e-06,0.04929388741552801,0.09805167188408806,1002,0.0403261336671662
Table 6,Pooled,tfidf,True,Firm and quarter clusters,filing_return ~ Negative_tfidf_z + log_pre_vol + log_size + log_turnover + log_words + pre_return + C(form) + C(quarter),C(quarter)[T.2024Q3],0.02478320759168249,,,,,,1002,0.0403261336671662
Table 6,Pooled,tfidf,True,Firm and quarter clusters,filing_return ~ Negative_tfidf_z + log_pre_vol + log_size + log_turnover + log_words + pre_return + C(form) + C(quarter),C(quarter)[T.2024Q4],0.02996131971229455,0.010234247677372368,2.9275546827480223,0.00863886169179088,0.00854079314478182,0.05138184627980728,1002,0.0403261336671662
Table 6,Pooled,tfidf,True,Firm and quarter clusters,filing_return ~ Negative_tfidf_z + log_pre_vol + log_size + log_turnover + log_words + pre_return + C(form) + C(quarter),C(quarter)[T.2025Q1],0.029055615838846995,0.0057255940241433285,5.074690192201382,6.730462989684439e-05,0.01707180982053854,0.04103942185715545,1002,0.0403261336671662
Table 6,Pooled,tfidf,True,Firm and quarter clusters,filing_return ~ Negative_tfidf_z + log_pre_vol + log_size + log_turnover + log_words + pre_return + C(form) + C(quarter),C(quarter)[T.2025Q2],0.03993219201615287,,,,,,1002,0.0403261336671662
Table 6,Pooled,tfidf,True,Firm and quarter clusters,filing_return ~ Negative_tfidf_z + log_pre_vol + log_size + log_turnover + log_words + pre_return + C(form) + C(quarter),C(quarter)[T.2025Q3],0.00851121382264058,0.009526032895492295,0.8934688674724265,0.3827839540749714,-0.011427002170709622,0.028449429815990784,1002,0.0403261336671662
Table 6,Pooled,tfidf,True,Firm and quarter clusters,filing_return ~ Negative_tfidf_z + log_pre_vol + log_size + log_turnover + log_words + pre_return + C(form) + C(quarter),C(quarter)[T.2025Q4],0.005878130131571561,0.0012915699145278074,4.551151327894302,0.00021833059590864345,0.003174843232514776,0.008581417030628345,1002,0.0403261336671662
Table 6,Pooled,tfidf,True,Firm and quarter clusters,filing_return ~ Negative_tfidf_z + log_pre_vol + log_size + log_turnover + log_words + pre_return + C(form) + C(quarter),Negative_tfidf_z,-0.004317953109883286,0.007581216322082669,-0.5695594118988393,0.5756493229266197,-0.020185621233675198,0.011549715013908626,1002,0.0403261336671662
Table 6,Pooled,tfidf,True,Firm and quarter clusters,filing_return ~ Negative_tfidf_z + log_pre_vol + log_size + log_turnover + log_words + pre_return + C(form) + C(quarter),log_pre_vol,-0.0320382814494602,0.016998922658020797,-1.8847242318820252,0.07485802844453741,-0.06761743547172416,0.0035408725728037563,1002,0.0403261336671662
Table 6,Pooled,tfidf,True,Firm and quarter clusters,filing_return ~ Negative_tfidf_z + log_pre_vol + log_size + log_turnover + log_words + pre_return + C(form) + C(quarter),log_size,-0.00138912802427045,0.0021516413125993836,-0.6456131959058983,0.5262507675075118,-0.0058925650479996275,0.0031143089994587272,1002,0.0403261336671662
Table 6,Pooled,tfidf,True,Firm and quarter clusters,filing_return ~ Negative_tfidf_z + log_pre_vol + log_size + log_turnover + log_words + pre_return + C(form) + C(quarter),log_turnover,0.014517111864364869,0.008678998545411645,1.6726713097606958,0.11077831781777318,-0.003648240859356425,0.032682464588086164,1002,0.0403261336671662
Table 6,Pooled,tfidf,True,Firm and quarter clusters,filing_return ~ Negative_tfidf_z + log_pre_vol + log_size + log_turnover + log_words + pre_return + C(form) + C(quarter),log_words,0.001732307085280254,0.011159566028603204,0.15523068556968606,0.8782767060076121,-0.021624933049344052,0.02508954721990456,1002,0.0403261336671662
Table 6,Pooled,tfidf,True,Firm and quarter clusters,filing_return ~ Negative_tfidf_z + log_pre_vol + log_size + log_turnover + log_words + pre_return + C(form) + C(quarter),pre_return,0.013982661517139013,0.023501144951211847,0.5949778849569621,0.5588783624174019,-0.03520580017188376,0.06317112320616178,1002,0.0403261336671662
Table 5,10-K,proportional,False,Firm and quarter clusters,log_post_vol ~ Uncertainty_proportional_z + log_size + log_turnover + log_words + pre_return + C(quarter),Intercept,0.43706371221317175,1.4308520989753997,0.30545694591785066,0.7633394138299638,-2.557744149242958,3.4318715736693015,248,0.647969337469426
Table 5,10-K,proportional,False,Firm and quarter clusters,log_post_vol ~ Uncertainty_proportional_z + log_size + log_turnover + log_words + pre_return + C(quarter),C(quarter)[T.2021Q2],-0.05638139726845415,0.08306579477499045,-0.6787558876813339,0.5054769225863599,-0.23024010383105314,0.11747730929414485,248,0.647969337469426
Table 5,10-K,proportional,False,Firm and quarter clusters,log_post_vol ~ Uncertainty_proportional_z + log_size + log_turnover + log_words + pre_return + C(quarter),C(quarter)[T.2021Q3],0.40348794515653896,0.06495057814418057,6.212230232359997,5.738844512023266e-06,0.2675448227530425,0.5394310675600354,248,0.647969337469426
Table 5,10-K,proportional,False,Firm and quarter clusters,log_post_vol ~ Uncertainty_proportional_z + log_size + log_turnover + log_words + pre_return + C(quarter),C(quarter)[T.2021Q4],0.4375899324043119,0.038611756611016734,11.333074970214083,6.763166499704807e-10,0.3567745970344948,0.518405267774129,248,0.647969337469426
Table 5,10-K,proportional,False,Firm and quarter clusters,log_post_vol ~ Uncertainty_proportional_z + log_size + log_turnover + log_words + pre_return + C(quarter),C(quarter)[T.2022Q1],0.4193227105840676,,,,,,248,0.647969337469426
Table 5,10-K,proportional,False,Firm and quarter clusters,log_post_vol ~ Uncertainty_proportional_z + log_size + log_turnover + log_words + pre_return + C(quarter),C(quarter)[T.2022Q2],0.08166795614479264,0.0670813252915377,1.2174469688823373,0.23833930445643475,-0.05873487129198421,0.22207078358156948,248,0.647969337469426
Table 5,10-K,proportional,False,Firm and quarter clusters,log_post_vol ~ Uncertainty_proportional_z + log_size + log_turnover + log_words + pre_return + C(quarter),C(quarter)[T.2022Q3],0.5368445587184199,0.05162235243211384,10.399459409068953,2.790123817780534e-09,0.4287977333328623,0.6448913841039774,248,0.647969337469426
Table 5,10-K,proportional,False,Firm and quarter clusters,log_post_vol ~ Uncertainty_proportional_z + log_size + log_turnover + log_words + pre_return + C(quarter),C(quarter)[T.2022Q4],0.012325499115342309,0.041394644595663395,0.2977558869205404,0.7691208349385861,-0.07431448774706408,0.0989654859777487,248,0.647969337469426
Table 5,10-K,proportional,False,Firm and quarter clusters,log_post_vol ~ Uncertainty_proportional_z + log_size + log_turnover + log_words + pre_return + C(quarter),C(quarter)[T.2023Q1],0.038455263315292636,,,,,,248,0.647969337469426
Table 5,10-K,proportional,False,Firm and quarter clusters,log_post_vol ~ Uncertainty_proportional_z + log_size + log_turnover + log_words + pre_return + C(quarter),C(quarter)[T.2023Q2],0.004651483211817686,0.057167438790634614,0.08136595429529213,0.9360019301223746,-0.11500134130589519,0.12430430772953056,248,0.647969337469426
Table 5,10-K,proportional,False,Firm and quarter clusters,log_post_vol ~ Uncertainty_proportional_z + log_size + log_turnover + log_words + pre_return + C(quarter),C(quarter)[T.2023Q3],-0.15102629163029724,0.05957423684561419,-2.535094020955397,0.020186787032406887,-0.2757166023711855,-0.026335980889408972,248,0.647969337469426
Table 5,10-K,proportional,False,Firm and quarter clusters,log_post_vol ~ Uncertainty_proportional_z + log_size + log_turnover + log_words + pre_return + C(quarter),C(quarter)[T.2023Q4],0.07282325748072921,0.05607244887227011,1.2987350997745168,0.20957666849997997,-0.04453772679851217,0.1901842417599706,248,0.647969337469426
Table 5,10-K,proportional,False,Firm and quarter clusters,log_post_vol ~ Uncertainty_proportional_z + log_size + log_turnover + log_words + pre_return + C(quarter),C(quarter)[T.2024Q1],-0.08949173545548926,,,,,,248,0.647969337469426
Table 5,10-K,proportional,False,Firm and quarter clusters,log_post_vol ~ Uncertainty_proportional_z + log_size + log_turnover + log_words + pre_return + C(quarter),C(quarter)[T.2024Q2],-0.25830382798421164,,,,,,248,0.647969337469426
Table 5,10-K,proportional,False,Firm and quarter clusters,log_post_vol ~ Uncertainty_proportional_z + log_size + log_turnover + log_words + pre_return + C(quarter),C(quarter)[T.2024Q3],0.07120778023296148,0.06472769678106538,1.100112992955926,0.2850264729595965,-0.0642688461162556,0.20668440658217857,248,0.647969337469426
Table 5,10-K,proportional,False,Firm and quarter clusters,log_post_vol ~ Uncertainty_proportional_z + log_size + log_turnover + log_words + pre_return + C(quarter),C(quarter)[T.2024Q4],0.2666641975070343,0.059375282390761744,4.491165124100948,0.00025015014547328634,0.1423903032258839,0.3909380917881847,248,0.647969337469426
Table 5,10-K,proportional,False,Firm and quarter clusters,log_post_vol ~ Uncertainty_proportional_z + log_size + log_turnover + log_words + pre_return + C(quarter),C(quarter)[T.2025Q1],0.21253233887655576,,,,,,248,0.647969337469426
Table 5,10-K,proportional,False,Firm and quarter clusters,log_post_vol ~ Uncertainty_proportional_z + log_size + log_turnover + log_words + pre_return + C(quarter),C(quarter)[T.2025Q2],-0.2387055980023508,0.025299261661619523,-9.435279226527046,1.3311853158555037e-08,-0.2916575612188904,-0.18575363478581122,248,0.647969337469426
Table 5,10-K,proportional,False,Firm and quarter clusters,log_post_vol ~ Uncertainty_proportional_z + log_size + log_turnover + log_words + pre_return + C(quarter),C(quarter)[T.2025Q3],-0.1644042557467229,0.07242925251993572,-2.2698598981326175,0.03504696577336688,-0.316000423513762,-0.01280808797968383,248,0.647969337469426
Table 5,10-K,proportional,False,Firm and quarter clusters,log_post_vol ~ Uncertainty_proportional_z + log_size + log_turnover + log_words + pre_return + C(quarter),C(quarter)[T.2025Q4],0.1566307877855596,0.06597555379459398,2.374073104004682,0.02828739735091905,0.018542366690565026,0.2947192088805542,248,0.647969337469426
Table 5,10-K,proportional,False,Firm and quarter clusters,log_post_vol ~ Uncertainty_proportional_z + log_size + log_turnover + log_words + pre_return + C(quarter),Uncertainty_proportional_z,0.14981566888155007,0.0741247969605558,2.0211275446902315,0.057584558327200885,-0.005329314185025108,0.30496065194812527,248,0.647969337469426
Table 5,10-K,proportional,False,Firm and quarter clusters,log_post_vol ~ Uncertainty_proportional_z + log_size + log_turnover + log_words + pre_return + C(quarter),log_size,-0.06520817567189519,0.029554848716096573,-2.206344424168228,0.03986758757619257,-0.12706718495908384,-0.003349166384706538,248,0.647969337469426
Table 5,10-K,proportional,False,Firm and quarter clusters,log_post_vol ~ Uncertainty_proportional_z + log_size + log_turnover + log_words + pre_return + C(quarter),log_turnover,0.36279567609573654,0.045862841346195546,7.910449188203894,1.980153081396818e-07,0.26680364595463735,0.45878770623683574,248,0.647969337469426
Table 5,10-K,proportional,False,Firm and quarter clusters,log_post_vol ~ Uncertainty_proportional_z + log_size + log_turnover + log_words + pre_return + C(quarter),log_words,0.17404974857432196,0.09861708004758818,1.7649047050504167,0.09364881664504104,-0.03235817214078979,0.3804576692894337,248,0.647969337469426
Table 5,10-K,proportional,False,Firm and quarter clusters,log_post_vol ~ Uncertainty_proportional_z + log_size + log_turnover + log_words + pre_return + C(quarter),pre_return,0.28399975730755406,0.09846671683867812,2.8842208456370284,0.009502299607456292,0.07790655040558908,0.49009296420951903,248,0.647969337469426
Table 5,10-K,proportional,True,Firm and quarter clusters,log_post_vol ~ Uncertainty_proportional_z + log_size + log_turnover + log_words + pre_return + C(quarter) + log_pre_vol,Intercept,-0.7038311443568936,0.9597020998049003,-0.7333850207267202,0.47227643667428915,-2.7125107243147135,1.3048484356009262,248,0.7959576201394252
Table 5,10-K,proportional,True,Firm and quarter clusters,log_post_vol ~ Uncertainty_proportional_z + log_size + log_turnover + log_words + pre_return + C(quarter) + log_pre_vol,C(quarter)[T.2021Q2],0.09768293296522124,0.046738798992300316,2.089975246931642,0.0503023398957294,-0.00014249759981814492,0.19550836353026063,248,0.7959576201394252
Table 5,10-K,proportional,True,Firm and quarter clusters,log_post_vol ~ Uncertainty_proportional_z + log_size + log_turnover + log_words + pre_return + C(quarter) + log_pre_vol,C(quarter)[T.2021Q3],0.7478689771485536,0.049387053655096186,15.143016677436112,4.657327227048515e-12,0.6445006858720835,0.8512372684250237,248,0.7959576201394252
Table 5,10-K,proportional,True,Firm and quarter clusters,log_post_vol ~ Uncertainty_proportional_z + log_size + log_turnover + log_words + pre_return + C(quarter) + log_pre_vol,C(quarter)[T.2021Q4],0.3425012524368351,0.021915448264754073,15.6283023873926,2.668574776454861e-12,0.296631692055564,0.3883708128181062,248,0.7959576201394252
Table 5,10-K,proportional,True,Firm and quarter clusters,log_post_vol ~ Uncertainty_proportional_z + log_size + log_turnover + log_words + pre_return + C(quarter) + log_pre_vol,C(quarter)[T.2022Q1],0.3434465294713935,0.033440015153558274,10.270525533384758,3.4178256312778734e-09,0.27345577337521765,0.4134372855675693,248,0.7959576201394252
Table 5,10-K,proportional,True,Firm and quarter clusters,log_post_vol ~ Uncertainty_proportional_z + log_size + log_turnover + log_words + pre_return + C(quarter) + log_pre_vol,C(quarter)[T.2022Q2],0.09387075922590715,0.055171887075982404,1.70142375403308,0.1051714590851321,-0.021605327551222908,0.2093468460030372,248,0.7959576201394252
Table 5,10-K,proportional,True,Firm and quarter clusters,log_post_vol ~ Uncertainty_proportional_z + log_size + log_turnover + log_words + pre_return + C(quarter) + log_pre_vol,C(quarter)[T.2022Q3],0.2598468098472675,0.04525605444943672,5.74170269610195,1.5600990371758235e-05,0.16512479927698426,0.3545688204175507,248,0.7959576201394252
Table 5,10-K,proportional,True,Firm and quarter clusters,log_post_vol ~ Uncertainty_proportional_z + log_size + log_turnover + log_words + pre_return + C(quarter) + log_pre_vol,C(quarter)[T.2022Q4],-0.14672010184485879,0.033685324464566395,-4.355608983348037,0.0003404212008876534,-0.21722429622974493,-0.07621590745997264,248,0.7959576201394252
Table 5,10-K,proportional,True,Firm and quarter clusters,log_post_vol ~ Uncertainty_proportional_z + log_size + log_turnover + log_words + pre_return + C(quarter) + log_pre_vol,C(quarter)[T.2023Q1],-0.020201419201819983,,,,,,248,0.7959576201394252
Table 5,10-K,proportional,True,Firm and quarter clusters,log_post_vol ~ Uncertainty_proportional_z + log_size + log_turnover + log_words + pre_return + C(quarter) + log_pre_vol,C(quarter)[T.2023Q2],0.11483984565436076,0.05997352896239039,1.9148422252486965,0.07069145158556175,-0.010686193091675705,0.24036588440039722,248,0.7959576201394252
Table 5,10-K,proportional,True,Firm and quarter clusters,log_post_vol ~ Uncertainty_proportional_z + log_size + log_turnover + log_words + pre_return + C(quarter) + log_pre_vol,C(quarter)[T.2023Q3],-0.05301510300459622,0.03556105444774028,-1.4908192073580389,0.1524246492643737,-0.1274452453638402,0.021415039354647752,248,0.7959576201394252
Table 5,10-K,proportional,True,Firm and quarter clusters,log_post_vol ~ Uncertainty_proportional_z + log_size + log_turnover + log_words + pre_return + C(quarter) + log_pre_vol,C(quarter)[T.2023Q4],0.10858788348868242,0.045311649607668335,2.3964672314712088,0.02700269360562294,0.013749510914911792,0.20342625606245307,248,0.7959576201394252
Table 5,10-K,proportional,True,Firm and quarter clusters,log_post_vol ~ Uncertainty_proportional_z + log_size + log_turnover + log_words + pre_return + C(quarter) + log_pre_vol,C(quarter)[T.2024Q1],-0.009959016863928749,0.016424952027009977,-0.6063346089262036,0.5514689175861709,-0.04433683654896314,0.024418802821105645,248,0.7959576201394252
Table 5,10-K,proportional,True,Firm and quarter clusters,log_post_vol ~ Uncertainty_proportional_z + log_size + log_turnover + log_words + pre_return + C(quarter) + log_pre_vol,C(quarter)[T.2024Q2],-0.07321472578263497,,,,,,248,0.7959576201394252
Table 5,10-K,proportional,True,Firm and quarter clusters,log_post_vol ~ Uncertainty_proportional_z + log_size + log_turnover + log_words + pre_return + C(quarter) + log_pre_vol,C(quarter)[T.2024Q3],-0.025898728040748442,0.042769343519050894,-0.6055442031559891,0.5519829072851998,-0.11541599281737407,0.06361853673587718,248,0.7959576201394252
Table 5,10-K,proportional,True,Firm and quarter clusters,log_post_vol ~ Uncertainty_proportional_z + log_size + log_turnover + log_words + pre_return + C(quarter) + log_pre_vol,C(quarter)[T.2024Q4],0.05739112529703025,0.04629324931432237,1.2397298990043972,0.23016960248590446,-0.03950175907456742,0.15428400966862793,248,0.7959576201394252
Table 5,10-K,proportional,True,Firm and quarter clusters,log_post_vol ~ Uncertainty_proportional_z + log_size + log_turnover + log_words + pre_return + C(quarter) + log_pre_vol,C(quarter)[T.2025Q1],0.2673611975865791,0.02720770977704803,9.826670446629086,6.970001254121448e-09,0.21041480655785746,0.32430758861530073,248,0.7959576201394252
Table 5,10-K,proportional,True,Firm and quarter clusters,log_post_vol ~ Uncertainty_proportional_z + log_size + log_turnover + log_words + pre_return + C(quarter) + log_pre_vol,C(quarter)[T.2025Q2],-0.28693699438832415,0.05206715518073556,-5.510902091583612,2.5730679077379936e-05,-0.39591480262621387,-0.17795918615043443,248,0.7959576201394252
Table 5,10-K,proportional,True,Firm and quarter clusters,log_post_vol ~ Uncertainty_proportional_z + log_size + log_turnover + log_words + pre_return + C(quarter) + log_pre_vol,C(quarter)[T.2025Q3],-0.11255561647207923,0.05990843693432291,-1.878794076959026,0.07570349524941897,-0.23794541603762026,0.012834183093461793,248,0.7959576201394252
Table 5,10-K,proportional,True,Firm and quarter clusters,log_post_vol ~ Uncertainty_proportional_z + log_size + log_turnover + log_words + pre_return + C(quarter) + log_pre_vol,C(quarter)[T.2025Q4],0.159228466303941,0.05776923170936522,2.7562849910314418,0.01256255820721125,0.03831607473155238,0.2801408578763296,248,0.7959576201394252
Table 5,10-K,proportional,True,Firm and quarter clusters,log_post_vol ~ Uncertainty_proportional_z + log_size + log_turnover + log_words + pre_return + C(quarter) + log_pre_vol,Uncertainty_proportional_z,0.06950433057476,0.06979636891362406,0.9958158519789838,0.33185367557754486,-0.07658114847181148,0.2155898096213315,248,0.7959576201394252
Table 5,10-K,proportional,True,Firm and quarter clusters,log_post_vol ~ Uncertainty_proportional_z + log_size + log_turnover + log_words + pre_return + C(quarter) + log_pre_vol,log_size,-0.014175529146549107,0.01638454115999443,-0.8651770597739415,0.39773430577152324,-0.04846876791486046,0.02011770962176225,248,0.7959576201394252
Table 5,10-K,proportional,True,Firm and quarter clusters,log_post_vol ~ Uncertainty_proportional_z + log_size + log_turnover + log_words + pre_return + C(quarter) + log_pre_vol,log_turnover,0.0816268922656848,0.02689790338916572,3.0346934883617553,0.006816761298233771,0.025328933459010175,0.1379248510723594,248,0.7959576201394252
Table 5,10-K,proportional,True,Firm and quarter clusters,log_post_vol ~ Uncertainty_proportional_z + log_size + log_turnover + log_words + pre_return + C(quarter) + log_pre_vol,log_words,0.09442454439410702,0.07621785943131626,1.2388768865806015,0.23047833899334266,-0.06510126877114908,0.2539503575593631,248,0.7959576201394252
Table 5,10-K,proportional,True,Firm and quarter clusters,log_post_vol ~ Uncertainty_proportional_z + log_size + log_turnover + log_words + pre_return + C(quarter) + log_pre_vol,pre_return,0.1653659949913455,0.10383628961784078,1.5925645610023118,0.12775844189571745,-0.051965856899303,0.382697846881994,248,0.7959576201394252
Table 5,10-K,proportional,True,Firm and quarter clusters,log_post_vol ~ Uncertainty_proportional_z + log_size + log_turnover + log_words + pre_return + C(quarter) + log_pre_vol,log_pre_vol,0.5934480465206317,0.05758682509331216,10.305274610278031,3.235351681502606e-09,0.4729174363833253,0.713978656657938,248,0.7959576201394252
Table 6,10-K,proportional,True,Firm and quarter clusters,filing_return ~ Negative_proportional_z + log_pre_vol + log_size + log_turnover + log_words + pre_return + C(quarter),Intercept,0.1500856996803639,0.15724358892265516,0.9544789756368885,0.3518281713320683,-0.17902891433624524,0.479200313696973,248,0.09071027767957285
Table 6,10-K,proportional,True,Firm and quarter clusters,filing_return ~ Negative_proportional_z + log_pre_vol + log_size + log_turnover + log_words + pre_return + C(quarter),C(quarter)[T.2021Q2],-0.10567021798462276,0.009479128162864508,-11.147672672957103,8.898171525708969e-10,-0.1255102612443174,-0.0858301747249281,248,0.09071027767957285
Table 6,10-K,proportional,True,Firm and quarter clusters,filing_return ~ Negative_proportional_z + log_pre_vol + log_size + log_turnover + log_words + pre_return + C(quarter),C(quarter)[T.2021Q3],0.013779244133698408,0.01431514559695614,0.9625640228645888,0.3478578730646178,-0.016182699943087984,0.0437411882104848,248,0.09071027767957285
Table 6,10-K,proportional,True,Firm and quarter clusters,filing_return ~ Negative_proportional_z + log_pre_vol + log_size + log_turnover + log_words + pre_return + C(quarter),C(quarter)[T.2021Q4],0.010563486651262154,0.009120778207708805,1.1581782179873625,0.26114278877122526,-0.008526521532395475,0.02965349483491978,248,0.09071027767957285
Table 6,10-K,proportional,True,Firm and quarter clusters,filing_return ~ Negative_proportional_z + log_pre_vol + log_size + log_turnover + log_words + pre_return + C(quarter),C(quarter)[T.2022Q1],0.040606374240834166,0.013536713116583166,2.9997218594438024,0.007366259188479304,0.012273708070201134,0.0689390404114672,248,0.09071027767957285
Table 6,10-K,proportional,True,Firm and quarter clusters,filing_return ~ Negative_proportional_z + log_pre_vol + log_size + log_turnover + log_words + pre_return + C(quarter),C(quarter)[T.2022Q2],0.01470743945781965,0.003957412091738007,3.716428594465751,0.0014638760036092522,0.0064244807566057,0.0229903981590336,248,0.09071027767957285
Table 6,10-K,proportional,True,Firm and quarter clusters,filing_return ~ Negative_proportional_z + log_pre_vol + log_size + log_turnover + log_words + pre_return + C(quarter),C(quarter)[T.2022Q3],0.07035467783030872,0.010126205628034391,6.947782853187561,1.273067910512236e-06,0.04916028587094794,0.0915490697896695,248,0.09071027767957285
Table 6,10-K,proportional,True,Firm and quarter clusters,filing_return ~ Negative_proportional_z + log_pre_vol + log_size + log_turnover + log_words + pre_return + C(quarter),C(quarter)[T.2022Q4],0.06840611902869173,0.009976620211961785,6.856642587905075,1.5281933066846213e-06,0.0475248129433596,0.08928742511402386,248,0.09071027767957285
Table 6,10-K,proportional,True,Firm and quarter clusters,filing_return ~ Negative_proportional_z + log_pre_vol + log_size + log_turnover + log_words + pre_return + C(quarter),C(quarter)[T.2023Q1],0.02967027312145699,0.018200326014681287,1.6302055851924562,0.11952429497920829,-0.008423447025344252,0.06776399326825823,248,0.09071027767957285
Table 6,10-K,proportional,True,Firm and quarter clusters,filing_return ~ Negative_proportional_z + log_pre_vol + log_size + log_turnover + log_words + pre_return + C(quarter),C(quarter)[T.2023Q2],0.07399976275462218,0.01177637177915899,6.283748861052591,4.941683592090011e-06,0.04935153334718724,0.09864799216205712,248,0.09071027767957285
Table 6,10-K,proportional,True,Firm and quarter clusters,filing_return ~ Negative_proportional_z + log_pre_vol + log_size + log_turnover + log_words + pre_return + C(quarter),C(quarter)[T.2023Q3],0.02942513472403581,0.009524213887810263,3.089507971014395,0.006034561788656065,0.009490725957519253,0.04935954349055237,248,0.09071027767957285
Table 6,10-K,proportional,True,Firm and quarter clusters,filing_return ~ Negative_proportional_z + log_pre_vol + log_size + log_turnover + log_words + pre_return + C(quarter),C(quarter)[T.2023Q4],0.01821572336865652,0.010212882336387511,1.7836025882483404,0.09047027101929178,-0.003160085026244267,0.039591531763557314,248,0.09071027767957285
Table 6,10-K,proportional,True,Firm and quarter clusters,filing_return ~ Negative_proportional_z + log_pre_vol + log_size + log_turnover + log_words + pre_return + C(quarter),C(quarter)[T.2024Q1],0.026504843684240057,,,,,,248,0.09071027767957285
Table 6,10-K,proportional,True,Firm and quarter clusters,filing_return ~ Negative_proportional_z + log_pre_vol + log_size + log_turnover + log_words + pre_return + C(quarter),C(quarter)[T.2024Q2],-0.021842443136267715,0.019973260592432967,-1.093584246557265,0.28780887041497893,-0.06364695800119546,0.019962071728660033,248,0.09071027767957285
Table 6,10-K,proportional,True,Firm and quarter clusters,filing_return ~ Negative_proportional_z + log_pre_vol + log_size + log_turnover + log_words + pre_return + C(quarter),C(quarter)[T.2024Q3],0.04697452232532359,0.005863916307720853,8.010776392472307,1.6427687034378816e-07,0.03470120444022669,0.0592478402104205,248,0.09071027767957285
Table 6,10-K,proportional,True,Firm and quarter clusters,filing_return ~ Negative_proportional_z + log_pre_vol + log_size + log_turnover + log_words + pre_return + C(quarter),C(quarter)[T.2024Q4],0.054873746363455905,0.009531177653724868,5.757289220394582,1.5086035898514185e-05,0.03492476226737081,0.07482273045954099,248,0.09071027767957285
Table 6,10-K,proportional,True,Firm and quarter clusters,filing_return ~ Negative_proportional_z + log_pre_vol + log_size + log_turnover + log_words + pre_return + C(quarter),C(quarter)[T.2025Q1],0.03095180172101253,0.006340020069254933,4.881972199285155,0.0001035343041361098,0.017681987210630523,0.044221616231394534,248,0.09071027767957285
Table 6,10-K,proportional,True,Firm and quarter clusters,filing_return ~ Negative_proportional_z + log_pre_vol + log_size + log_turnover + log_words + pre_return + C(quarter),C(quarter)[T.2025Q2],0.2549002129127278,0.01299319381893918,19.61797972575298,4.520782096776537e-14,0.22770514570609873,0.28209528011935686,248,0.09071027767957285
Table 6,10-K,proportional,True,Firm and quarter clusters,filing_return ~ Negative_proportional_z + log_pre_vol + log_size + log_turnover + log_words + pre_return + C(quarter),C(quarter)[T.2025Q3],0.008306994479918433,0.010757803335533663,0.7721831512275315,0.44950488052936177,-0.014209346673947462,0.030823335633784327,248,0.09071027767957285
Table 6,10-K,proportional,True,Firm and quarter clusters,filing_return ~ Negative_proportional_z + log_pre_vol + log_size + log_turnover + log_words + pre_return + C(quarter),C(quarter)[T.2025Q4],0.07204549779715146,0.013904320029818087,5.181518955450427,5.308830888871054e-05,0.042943421514550946,0.10114757407975197,248,0.09071027767957285
Table 6,10-K,proportional,True,Firm and quarter clusters,filing_return ~ Negative_proportional_z + log_pre_vol + log_size + log_turnover + log_words + pre_return + C(quarter),Negative_proportional_z,-0.00574270924690424,0.018433763112716325,-0.3115321170066841,0.7587886200710395,-0.04432501885508409,0.03283960036127561,248,0.09071027767957285
Table 6,10-K,proportional,True,Firm and quarter clusters,filing_return ~ Negative_proportional_z + log_pre_vol + log_size + log_turnover + log_words + pre_return + C(quarter),log_pre_vol,-0.03457122876024667,0.020388353114487286,-1.6956361588460767,0.1062801160584247,-0.07724454225863911,0.008102084738145783,248,0.09071027767957285
Table 6,10-K,proportional,True,Firm and quarter clusters,filing_return ~ Negative_proportional_z + log_pre_vol + log_size + log_turnover + log_words + pre_return + C(quarter),log_size,-0.003187478804405327,,,,,,248,0.09071027767957285
Table 6,10-K,proportional,True,Firm and quarter clusters,filing_return ~ Negative_proportional_z + log_pre_vol + log_size + log_turnover + log_words + pre_return + C(quarter),log_turnover,0.011075122398633765,0.013197446168811439,0.8391867833343994,0.4117991664252676,-0.016547449889447355,0.038697694686714884,248,0.09071027767957285
Table 6,10-K,proportional,True,Firm and quarter clusters,filing_return ~ Negative_proportional_z + log_pre_vol + log_size + log_turnover + log_words + pre_return + C(quarter),log_words,-0.0070369473324407,0.015475074881798006,-0.45472783726026766,0.6544577553838483,-0.039426651303813745,0.02535275663893234,248,0.09071027767957285
Table 6,10-K,proportional,True,Firm and quarter clusters,filing_return ~ Negative_proportional_z + log_pre_vol + log_size + log_turnover + log_words + pre_return + C(quarter),pre_return,-0.0036036351763123666,0.03543828032466791,-0.10168764238269047,0.9200700918282023,-0.07777680834270699,0.07056953799008227,248,0.09071027767957285
Table 5,10-K,tfidf,False,Firm and quarter clusters,log_post_vol ~ Uncertainty_tfidf_z + log_size + log_turnover + log_words + pre_return + C(quarter),Intercept,3.5170958070127734,2.0042279728629473,1.7548381993635005,0.09539980939842803,-0.677801550707378,7.711993164732925,248,0.6458931104550365
Table 5,10-K,tfidf,False,Firm and quarter clusters,log_post_vol ~ Uncertainty_tfidf_z + log_size + log_turnover + log_words + pre_return + C(quarter),C(quarter)[T.2021Q2],-0.07489602309227761,0.08122115264325891,-0.9221246024571622,0.36802549935927004,-0.2448938493013875,0.09510180311683228,248,0.6458931104550365
Table 5,10-K,tfidf,False,Firm and quarter clusters,log_post_vol ~ Uncertainty_tfidf_z + log_size + log_turnover + log_words + pre_return + C(quarter),C(quarter)[T.2021Q3],0.437812072002776,0.06862983587707437,6.379325644708791,4.0506871368647986e-06,0.294168174661965,0.581455969343587,248,0.6458931104550365
Table 5,10-K,tfidf,False,Firm and quarter clusters,log_post_vol ~ Uncertainty_tfidf_z + log_size + log_turnover + log_words + pre_return + C(quarter),C(quarter)[T.2021Q4],0.48610007810089334,0.043087447723425744,11.281709727183745,7.294786799054958e-10,0.3959170135727027,0.576283142629084,248,0.6458931104550365
Table 5,10-K,tfidf,False,Firm and quarter clusters,log_post_vol ~ Uncertainty_tfidf_z + log_size + log_turnover + log_words + pre_return + C(quarter),C(quarter)[T.2022Q1],0.4010420642844268,,,,,,248,0.6458931104550365
Table 5,10-K,tfidf,False,Firm and quarter clusters,log_post_vol ~ Uncertainty_tfidf_z + log_size + log_turnover + log_words + pre_return + C(quarter),C(quarter)[T.2022Q2],0.11056702869815538,0.06654279371750384,1.6615928265282787,0.11300574374129056,-0.028708639200110242,0.249842696596421,248,0.6458931104550365
Table 5,10-K,tfidf,False,Firm and quarter clusters,log_post_vol ~ Uncertainty_tfidf_z + log_size + log_turnover + log_words + pre_return + C(quarter),C(quarter)[T.2022Q3],0.5663916222310053,0.05400113971816459,10.488512375609838,2.427794052539001e-09,0.45336593783542284,0.6794173066265876,248,0.6458931104550365
Table 5,10-K,tfidf,False,Firm and quarter clusters,log_post_vol ~ Uncertainty_tfidf_z + log_size + log_turnover + log_words + pre_return + C(quarter),C(quarter)[T.2022Q4],0.05870520166494381,0.028576341605411226,2.0543288037201854,0.05396194967619734,-0.0011057687021708354,0.11851617203205844,248,0.6458931104550365
Table 5,10-K,tfidf,False,Firm and quarter clusters,log_post_vol ~ Uncertainty_tfidf_z + log_size + log_turnover + log_words + pre_return + C(quarter),C(quarter)[T.2023Q1],0.02806884034499558,,,,,,248,0.6458931104550365
Table 5,10-K,tfidf,False,Firm and quarter clusters,log_post_vol ~ Uncertainty_tfidf_z + log_size + log_turnover + log_words + pre_return + C(quarter),C(quarter)[T.2023Q2],0.04391705192403453,0.05696012177856154,0.7710140103767104,0.4501811156025567,-0.07530185310052134,0.1631359569485904,248,0.6458931104550365
Table 5,10-K,tfidf,False,Firm and quarter clusters,log_post_vol ~ Uncertainty_tfidf_z + log_size + log_turnover + log_words + pre_return + C(quarter),C(quarter)[T.2023Q3],-0.11242056117987764,0.06284745664049739,-1.788784577599542,0.08960611267675726,-0.24396179968682188,0.0191206773270666,248,0.6458931104550365
Table 5,10-K,tfidf,False,Firm and quarter clusters,log_post_vol ~ Uncertainty_tfidf_z + log_size + log_turnover + log_words + pre_return + C(quarter),C(quarter)[T.2023Q4],0.1527290333593585,0.037957287266526994,4.023707813652007,0.0007258036708631725,0.0732835180704313,0.23217454864828568,248,0.6458931104550365
Table 5,10-K,tfidf,False,Firm and quarter clusters,log_post_vol ~ Uncertainty_tfidf_z + log_size + log_turnover + log_words + pre_return + C(quarter),C(quarter)[T.2024Q1],-0.07173256878267276,,,,,,248,0.6458931104550365
Table 5,10-K,tfidf,False,Firm and quarter clusters,log_post_vol ~ Uncertainty_tfidf_z + log_size + log_turnover + log_words + pre_return + C(quarter),C(quarter)[T.2024Q2],-0.2001381015769355,,,,,,248,0.6458931104550365
Table 5,10-K,tfidf,False,Firm and quarter clusters,log_post_vol ~ Uncertainty_tfidf_z + log_size + log_turnover + log_words + pre_return + C(quarter),C(quarter)[T.2024Q3],0.1371845532994025,0.0673115172872977,2.038054687043735,0.05571118000757763,-0.00370007152163232,0.2780691781204373,248,0.6458931104550365
Table 5,10-K,tfidf,False,Firm and quarter clusters,log_post_vol ~ Uncertainty_tfidf_z + log_size + log_turnover + log_words + pre_return + C(quarter),C(quarter)[T.2024Q4],0.3740546285480225,0.03983986530879745,9.388953141501302,1.4388511450458397e-08,0.29066883213232236,0.45744042496372267,248,0.6458931104550365
Table 5,10-K,tfidf,False,Firm and quarter clusters,log_post_vol ~ Uncertainty_tfidf_z + log_size + log_turnover + log_words + pre_return + C(quarter),C(quarter)[T.2025Q1],0.23903025660012167,,,,,,248,0.6458931104550365
Table 5,10-K,tfidf,False,Firm and quarter clusters,log_post_vol ~ Uncertainty_tfidf_z + log_size + log_turnover + log_words + pre_return + C(quarter),C(quarter)[T.2025Q2],-0.21593311957127542,,,,,,248,0.6458931104550365
Table 5,10-K,tfidf,False,Firm and quarter clusters,log_post_vol ~ Uncertainty_tfidf_z + log_size + log_turnover + log_words + pre_return + C(quarter),C(quarter)[T.2025Q3],-0.13694599867527857,0.07072367176885438,-1.9363530660972763,0.06784262479688716,-0.2849723449035686,0.011080347553011488,248,0.6458931104550365
Table 5,10-K,tfidf,False,Firm and quarter clusters,log_post_vol ~ Uncertainty_tfidf_z + log_size + log_turnover + log_words + pre_return + C(quarter),C(quarter)[T.2025Q4],0.20524179743269777,0.05364256641742797,3.8260995164842937,0.0011398022780932605,0.0929666155808257,0.31751697928456984,248,0.6458931104550365
Table 5,10-K,tfidf,False,Firm and quarter clusters,log_post_vol ~ Uncertainty_tfidf_z + log_size + log_turnover + log_words + pre_return + C(quarter),Uncertainty_tfidf_z,0.1419916180952523,0.06578935121328938,2.1582766128049324,0.04391168030078639,0.004292923481921174,0.2796903127085834,248,0.6458931104550365
Table 5,10-K,tfidf,False,Firm and quarter clusters,log_post_vol ~ Uncertainty_tfidf_z + log_size + log_turnover + log_words + pre_return + C(quarter),log_size,-0.07476096287211924,0.03003806763572802,-2.4888739108902165,0.022255974876484508,-0.1376313609816417,-0.01189056476259677,248,0.6458931104550365
Table 5,10-K,tfidf,False,Firm and quarter clusters,log_post_vol ~ Uncertainty_tfidf_z + log_size + log_turnover + log_words + pre_return + C(quarter),log_turnover,0.39004514749426256,0.043484193101290265,8.969814538945396,2.942527079033371e-08,0.2990316853467262,0.4810586096417989,248,0.6458931104550365
Table 5,10-K,tfidf,False,Firm and quarter clusters,log_post_vol ~ Uncertainty_tfidf_z + log_size + log_turnover + log_words + pre_return + C(quarter),log_words,-0.09202342725741697,0.17099568734941129,-0.5381622699605108,0.5967136701455708,-0.44992151407981734,0.2658746595649834,248,0.6458931104550365
Table 5,10-K,tfidf,False,Firm and quarter clusters,log_post_vol ~ Uncertainty_tfidf_z + log_size + log_turnover + log_words + pre_return + C(quarter),pre_return,0.28646822781029946,0.09647205271578015,2.969442649409296,0.007876452919582859,0.0845499008980252,0.48838655472257375,248,0.6458931104550365
Table 5,10-K,tfidf,True,Firm and quarter clusters,log_post_vol ~ Uncertainty_tfidf_z + log_size + log_turnover + log_words + pre_return + C(quarter) + log_pre_vol,Intercept,0.8205781556911617,1.1596560103741982,0.7076047968969499,0.4877804847525895,-1.6066097688612064,3.2477660802435295,248,0.795846514545848
Table 5,10-K,tfidf,True,Firm and quarter clusters,log_post_vol ~ Uncertainty_tfidf_z + log_size + log_turnover + log_words + pre_return + C(quarter) + log_pre_vol,C(quarter)[T.2021Q2],0.08908254152038197,0.045841876595499716,1.943256867654654,0.0669501632596286,-0.006865608893216191,0.18503069193398014,248,0.795846514545848
Table 5,10-K,tfidf,True,Firm and quarter clusters,log_post_vol ~ Uncertainty_tfidf_z + log_size + log_turnover + log_words + pre_return + C(quarter) + log_pre_vol,C(quarter)[T.2021Q3],0.7658319915860049,0.0514500476567298,14.884961753496686,6.301744993998333e-12,0.6581458042400156,0.8735181789319942,248,0.795846514545848
Table 5,10-K,tfidf,True,Firm and quarter clusters,log_post_vol ~ Uncertainty_tfidf_z + log_size + log_turnover + log_words + pre_return + C(quarter) + log_pre_vol,C(quarter)[T.2021Q4],0.3656652371846855,0.020938953564007174,17.463395965175764,3.6902557351358483e-13,0.32183950370107994,0.4094909706682911,248,0.795846514545848
Table 5,10-K,tfidf,True,Firm and quarter clusters,log_post_vol ~ Uncertainty_tfidf_z + log_size + log_turnover + log_words + pre_return + C(quarter) + log_pre_vol,C(quarter)[T.2022Q1],0.33361084452578166,0.03471665668093266,9.60953261115751,9.958014143440699e-09,0.2609480470039547,0.40627364204760863,248,0.795846514545848
Table 5,10-K,tfidf,True,Firm and quarter clusters,log_post_vol ~ Uncertainty_tfidf_z + log_size + log_turnover + log_words + pre_return + C(quarter) + log_pre_vol,C(quarter)[T.2022Q2],0.10736066381178921,0.05200006412371426,2.064625604237056,0.052880913912574205,-0.0014767212299192506,0.2161980488534977,248,0.795846514545848
Table 5,10-K,tfidf,True,Firm and quarter clusters,log_post_vol ~ Uncertainty_tfidf_z + log_size + log_turnover + log_words + pre_return + C(quarter) + log_pre_vol,C(quarter)[T.2022Q3],0.2735681774112575,0.046682380454826665,5.8602019594091255,1.2096137655449274e-05,0.175860832202265,0.37127552262025,248,0.795846514545848
Table 5,10-K,tfidf,True,Firm and quarter clusters,log_post_vol ~ Uncertainty_tfidf_z + log_size + log_turnover + log_words + pre_return + C(quarter) + log_pre_vol,C(quarter)[T.2022Q4],-0.12583903225395454,0.03183042307859846,-3.9534200328792934,0.0008522123078490973,-0.1924608734194545,-0.05921719108845459,248,0.795846514545848
Table 5,10-K,tfidf,True,Firm and quarter clusters,log_post_vol ~ Uncertainty_tfidf_z + log_size + log_turnover + log_words + pre_return + C(quarter) + log_pre_vol,C(quarter)[T.2023Q1],-0.025853314352602498,,,,,,248,0.795846514545848
Table 5,10-K,tfidf,True,Firm and quarter clusters,log_post_vol ~ Uncertainty_tfidf_z + log_size + log_turnover + log_words + pre_return + C(quarter) + log_pre_vol,C(quarter)[T.2023Q2],0.1338265669889702,0.04974458265296913,2.6902741937263475,0.014489977829966756,0.02970995891980352,0.23794317505813686,248,0.795846514545848
Table 5,10-K,tfidf,True,Firm and quarter clusters,log_post_vol ~ Uncertainty_tfidf_z + log_size + log_turnover + log_words + pre_return + C(quarter) + log_pre_vol,C(quarter)[T.2023Q3],-0.03354481815269694,0.041558696668306916,-0.8071672319377273,0.4295594211662742,-0.12052816994932175,0.053438533643927866,248,0.795846514545848
Table 5,10-K,tfidf,True,Firm and quarter clusters,log_post_vol ~ Uncertainty_tfidf_z + log_size + log_turnover + log_words + pre_return + C(quarter) + log_pre_vol,C(quarter)[T.2023Q4],0.14594224278679824,0.02994044317194495,4.874418255891092,0.00010530372695200948,0.08327617502827246,0.20860831054532403,248,0.795846514545848
Table 5,10-K,tfidf,True,Firm and quarter clusters,log_post_vol ~ Uncertainty_tfidf_z + log_size + log_turnover + log_words + pre_return + C(quarter) + log_pre_vol,C(quarter)[T.2024Q1],-0.0016603829906481488,,,,,,248,0.795846514545848
Table 5,10-K,tfidf,True,Firm and quarter clusters,log_post_vol ~ Uncertainty_tfidf_z + log_size + log_turnover + log_words + pre_return + C(quarter) + log_pre_vol,C(quarter)[T.2024Q2],-0.04486878660619703,,,,,,248,0.795846514545848
Table 5,10-K,tfidf,True,Firm and quarter clusters,log_post_vol ~ Uncertainty_tfidf_z + log_size + log_turnover + log_words + pre_return + C(quarter) + log_pre_vol,C(quarter)[T.2024Q3],0.005832925359075758,0.04691623453778071,0.1243263747941796,0.9023627767277107,-0.09236388207076116,0.10402973278891267,248,0.795846514545848
Table 5,10-K,tfidf,True,Firm and quarter clusters,log_post_vol ~ Uncertainty_tfidf_z + log_size + log_turnover + log_words + pre_return + C(quarter) + log_pre_vol,C(quarter)[T.2024Q4],0.10741428142393716,0.043128276131313724,2.490576741275034,0.022176331628406237,0.017145762055933822,0.1976828007919405,248,0.795846514545848
Table 5,10-K,tfidf,True,Firm and quarter clusters,log_post_vol ~ Uncertainty_tfidf_z + log_size + log_turnover + log_words + pre_return + C(quarter) + log_pre_vol,C(quarter)[T.2025Q1],0.2797009288423764,0.013351405756757813,20.949174486799325,1.3686445573458468e-14,0.2517561154333167,0.3076457422514361,248,0.795846514545848
Table 5,10-K,tfidf,True,Firm and quarter clusters,log_post_vol ~ Uncertainty_tfidf_z + log_size + log_turnover + log_words + pre_return + C(quarter) + log_pre_vol,C(quarter)[T.2025Q2],-0.2766944077757459,0.050209484901204075,-5.510799569447694,2.5736433432920383e-05,-0.3817840674334168,-0.17160474811807497,248,0.795846514545848
Table 5,10-K,tfidf,True,Firm and quarter clusters,log_post_vol ~ Uncertainty_tfidf_z + log_size + log_turnover + log_words + pre_return + C(quarter) + log_pre_vol,C(quarter)[T.2025Q3],-0.09949690035731551,0.056570892556327954,-1.7588002568325378,0.09470728742598174,-0.21790113925705784,0.018907338542426835,248,0.795846514545848
Table 5,10-K,tfidf,True,Firm and quarter clusters,log_post_vol ~ Uncertainty_tfidf_z + log_size + log_turnover + log_words + pre_return + C(quarter) + log_pre_vol,C(quarter)[T.2025Q4],0.18110123049883303,0.04398761488339201,4.117095936638513,0.0005864042776585923,0.08903409445184463,0.27316836654582144,248,0.795846514545848
Table 5,10-K,tfidf,True,Firm and quarter clusters,log_post_vol ~ Uncertainty_tfidf_z + log_size + log_turnover + log_words + pre_return + C(quarter) + log_pre_vol,Uncertainty_tfidf_z,0.07075318720260534,0.03665794223537009,1.9300916223916635,0.06866116912506671,-0.0059727676811345415,0.14747914208634522,248,0.795846514545848
Table 5,10-K,tfidf,True,Firm and quarter clusters,log_post_vol ~ Uncertainty_tfidf_z + log_size + log_turnover + log_words + pre_return + C(quarter) + log_pre_vol,log_size,-0.018501559846867653,0.016281042639436194,-1.1363866710878139,0.2699253053037437,-0.05257817372205495,0.015575054028319643,248,0.795846514545848
Table 5,10-K,tfidf,True,Firm and quarter clusters,log_post_vol ~ Uncertainty_tfidf_z + log_size + log_turnover + log_words + pre_return + C(quarter) + log_pre_vol,log_turnover,0.09345573351030048,0.03370780823050113,2.7725247773818573,0.012127340962120526,0.02290448006247925,0.16400698695812171,248,0.795846514545848
Table 5,10-K,tfidf,True,Firm and quarter clusters,log_post_vol ~ Uncertainty_tfidf_z + log_size + log_turnover + log_words + pre_return + C(quarter) + log_pre_vol,log_words,-0.038828190793492146,0.09290959732177867,-0.4179136699841292,0.6806953794493319,-0.23329021287336468,0.1556338312863804,248,0.795846514545848
Table 5,10-K,tfidf,True,Firm and quarter clusters,log_post_vol ~ Uncertainty_tfidf_z + log_size + log_turnover + log_words + pre_return + C(quarter) + log_pre_vol,pre_return,0.16553220038011457,0.10317611507742419,1.6043655089736406,0.12512704441251002,-0.05041789031733404,0.38148229107756315,248,0.795846514545848
Table 5,10-K,tfidf,True,Firm and quarter clusters,log_post_vol ~ Uncertainty_tfidf_z + log_size + log_turnover + log_words + pre_return + C(quarter) + log_pre_vol,log_pre_vol,0.5954555711926169,0.052971144754986266,11.24113088261257,7.745582157476368e-10,0.48458569103088617,0.7063254513543478,248,0.795846514545848
Table 6,10-K,tfidf,True,Firm and quarter clusters,filing_return ~ Negative_tfidf_z + log_pre_vol + log_size + log_turnover + log_words + pre_return + C(quarter),Intercept,0.20213529840512476,0.41456379812085753,0.4875855038992005,0.6314219871300689,-0.6655567031487001,1.0698272999589495,248,0.09039365182774184
Table 6,10-K,tfidf,True,Firm and quarter clusters,filing_return ~ Negative_tfidf_z + log_pre_vol + log_size + log_turnover + log_words + pre_return + C(quarter),C(quarter)[T.2021Q2],-0.10677283155946499,0.00830418077273555,-12.857720042658952,8.004345527443574e-11,-0.12415368166895546,-0.08939198144997451,248,0.09039365182774184
Table 6,10-K,tfidf,True,Firm and quarter clusters,filing_return ~ Negative_tfidf_z + log_pre_vol + log_size + log_turnover + log_words + pre_return + C(quarter),C(quarter)[T.2021Q3],0.012506672883695634,0.009753233761390475,1.2823103792718502,0.21515902406244375,-0.007907079987161857,0.032920425754553125,248,0.09039365182774184
Table 6,10-K,tfidf,True,Firm and quarter clusters,filing_return ~ Negative_tfidf_z + log_pre_vol + log_size + log_turnover + log_words + pre_return + C(quarter),C(quarter)[T.2021Q4],0.009801185419558614,0.009537763594979964,1.0276188251003933,0.3170346800396883,-0.010161583209994315,0.029763954049111543,248,0.09039365182774184
Table 6,10-K,tfidf,True,Firm and quarter clusters,filing_return ~ Negative_tfidf_z + log_pre_vol + log_size + log_turnover + log_words + pre_return + C(quarter),C(quarter)[T.2022Q1],0.04002214134750152,0.014659057366894566,2.73019883515061,0.013293036858968139,0.009340381663639867,0.07070390103136318,248,0.09039365182774184
Table 6,10-K,tfidf,True,Firm and quarter clusters,filing_return ~ Negative_tfidf_z + log_pre_vol + log_size + log_turnover + log_words + pre_return + C(quarter),C(quarter)[T.2022Q2],0.01289028315663527,0.0016870826295450724,7.640576063610577,3.2945489270281763e-07,0.00935917863122301,0.01642138768204753,248,0.09039365182774184
Table 6,10-K,tfidf,True,Firm and quarter clusters,filing_return ~ Negative_tfidf_z + log_pre_vol + log_size + log_turnover + log_words + pre_return + C(quarter),C(quarter)[T.2022Q3],0.07061113749653691,0.01198024667212639,5.89396357429125,1.1253778643494654e-05,0.045536193034031294,0.09568608195904253,248,0.09039365182774184
Table 6,10-K,tfidf,True,Firm and quarter clusters,filing_return ~ Negative_tfidf_z + log_pre_vol + log_size + log_turnover + log_words + pre_return + C(quarter),C(quarter)[T.2022Q4],0.06746855585372757,0.011036248301595237,6.113359722431699,7.064563657494808e-06,0.0443694226880659,0.09056768901938925,248,0.09039365182774184
Table 6,10-K,tfidf,True,Firm and quarter clusters,filing_return ~ Negative_tfidf_z + log_pre_vol + log_size + log_turnover + log_words + pre_return + C(quarter),C(quarter)[T.2023Q1],0.02883313735520061,0.018879175111247305,1.527245612443269,0.1431761610750274,-0.010681430280026657,0.06834770499042787,248,0.09039365182774184
Table 6,10-K,tfidf,True,Firm and quarter clusters,filing_return ~ Negative_tfidf_z + log_pre_vol + log_size + log_turnover + log_words + pre_return + C(quarter),C(quarter)[T.2023Q2],0.07149378233371895,0.012798182458482807,5.586244966083595,2.1838472905046164e-05,0.044706878595407964,0.09828068607202993,248,0.09039365182774184
Table 6,10-K,tfidf,True,Firm and quarter clusters,filing_return ~ Negative_tfidf_z + log_pre_vol + log_size + log_turnover + log_words + pre_return + C(quarter),C(quarter)[T.2023Q3],0.027757025771283014,0.0054043882538373465,5.136016227474838,5.872625504220652e-05,0.016445511156639732,0.0390685403859263,248,0.09039365182774184
Table 6,10-K,tfidf,True,Firm and quarter clusters,filing_return ~ Negative_tfidf_z + log_pre_vol + log_size + log_turnover + log_words + pre_return + C(quarter),C(quarter)[T.2023Q4],0.015010066815437635,0.008278973487393511,1.8130347727642366,0.08565687545779493,-0.0023180238394856275,0.032338157470360895,248,0.09039365182774184
Table 6,10-K,tfidf,True,Firm and quarter clusters,filing_return ~ Negative_tfidf_z + log_pre_vol + log_size + log_turnover + log_words + pre_return + C(quarter),C(quarter)[T.2024Q1],0.024667457121294346,,,,,,248,0.09039365182774184
Table 6,10-K,tfidf,True,Firm and quarter clusters,filing_return ~ Negative_tfidf_z + log_pre_vol + log_size + log_turnover + log_words + pre_return + C(quarter),C(quarter)[T.2024Q2],-0.024297684630115494,0.013657541062045978,-1.7790672947444583,0.09123251789207999,-0.05288324659704693,0.004287877336815939,248,0.09039365182774184
Table 6,10-K,tfidf,True,Firm and quarter clusters,filing_return ~ Negative_tfidf_z + log_pre_vol + log_size + log_turnover + log_words + pre_return + C(quarter),C(quarter)[T.2024Q3],0.04496142055392047,0.005361085104206209,8.386626901081009,8.256058177781127e-08,0.0337405404730868,0.056182300634754136,248,0.09039365182774184
Table 6,10-K,tfidf,True,Firm and quarter clusters,filing_return ~ Negative_tfidf_z + log_pre_vol + log_size + log_turnover + log_words + pre_return + C(quarter),C(quarter)[T.2024Q4],0.0518600947102788,0.008968109652479565,5.782723084339202,1.4282876576577227e-05,0.033089625485067733,0.07063056393548987,248,0.09039365182774184
Table 6,10-K,tfidf,True,Firm and quarter clusters,filing_return ~ Negative_tfidf_z + log_pre_vol + log_size + log_turnover + log_words + pre_return + C(quarter),C(quarter)[T.2025Q1],0.02877506615926628,0.008275542285359722,3.477121518691567,0.002522949948865877,0.011454157092735274,0.04609597522579728,248,0.09039365182774184
Table 6,10-K,tfidf,True,Firm and quarter clusters,filing_return ~ Negative_tfidf_z + log_pre_vol + log_size + log_turnover + log_words + pre_return + C(quarter),C(quarter)[T.2025Q2],0.25208616912025933,0.009328610477933355,27.022906542894486,1.2623116637930975e-16,0.23256116299573942,0.27161117524477923,248,0.09039365182774184
Table 6,10-K,tfidf,True,Firm and quarter clusters,filing_return ~ Negative_tfidf_z + log_pre_vol + log_size + log_turnover + log_words + pre_return + C(quarter),C(quarter)[T.2025Q3],0.005405181812228528,0.012250329001942417,0.4412274814310277,0.6640283709432347,-0.020235051463252683,0.031045415087709735,248,0.09039365182774184
Table 6,10-K,tfidf,True,Firm and quarter clusters,filing_return ~ Negative_tfidf_z + log_pre_vol + log_size + log_turnover + log_words + pre_return + C(quarter),C(quarter)[T.2025Q4],0.06838518089322732,0.015262784685574711,4.480517959338054,0.0002562695990707584,0.03643980540906469,0.10033055637738994,248,0.09039365182774184
Table 6,10-K,tfidf,True,Firm and quarter clusters,filing_return ~ Negative_tfidf_z + log_pre_vol + log_size + log_turnover + log_words + pre_return + C(quarter),Negative_tfidf_z,0.0028052925930752183,0.014909862579507478,0.18815013070146527,0.8527539106645143,-0.02840140843375625,0.034011993619906686,248,0.09039365182774184
Table 6,10-K,tfidf,True,Firm and quarter clusters,filing_return ~ Negative_tfidf_z + log_pre_vol + log_size + log_turnover + log_words + pre_return + C(quarter),log_pre_vol,-0.03656839944111959,0.01987009338323888,-1.8403738088098929,0.0813875802408398,-0.07815698285557793,0.005020183973338761,248,0.09039365182774184
Table 6,10-K,tfidf,True,Firm and quarter clusters,filing_return ~ Negative_tfidf_z + log_pre_vol + log_size + log_turnover + log_words + pre_return + C(quarter),log_size,-0.00300266168266937,,,,,,248,0.09039365182774184
Table 6,10-K,tfidf,True,Firm and quarter clusters,filing_return ~ Negative_tfidf_z + log_pre_vol + log_size + log_turnover + log_words + pre_return + C(quarter),log_turnover,0.011190126251344804,0.013598658535052804,0.8228845678050076,0.4207820514173037,-0.017272193170205567,0.03965244567289518,248,0.09039365182774184
Table 6,10-K,tfidf,True,Firm and quarter clusters,filing_return ~ Negative_tfidf_z + log_pre_vol + log_size + log_turnover + log_words + pre_return + C(quarter),log_words,-0.012753991203515051,0.0370286273416257,-0.344435970738177,0.7343015004236204,-0.09025579893125882,0.06474781652422873,248,0.09039365182774184
Table 6,10-K,tfidf,True,Firm and quarter clusters,filing_return ~ Negative_tfidf_z + log_pre_vol + log_size + log_turnover + log_words + pre_return + C(quarter),pre_return,-0.0045661790925731385,0.03730055291614008,-0.12241585541208791,0.9038552344457619,-0.08263713358878431,0.07350477540363805,248,0.09039365182774184
Table 5,10-Q,proportional,False,Firm and quarter clusters,log_post_vol ~ Uncertainty_proportional_z + log_size + log_turnover + log_words + pre_return + C(quarter),Intercept,4.00663087823038,0.8923413565395574,4.490020381625971,0.0002508009401282397,2.1389389542497454,5.874322802211015,754,0.6371284382954824
Table 5,10-Q,proportional,False,Firm and quarter clusters,log_post_vol ~ Uncertainty_proportional_z + log_size + log_turnover + log_words + pre_return + C(quarter),C(quarter)[T.2021Q2],-0.25511921467809207,0.049836722517604,-5.119100971938422,6.0974628664369195e-05,-0.35942867370030945,-0.15080975565587468,754,0.6371284382954824
Table 5,10-Q,proportional,False,Firm and quarter clusters,log_post_vol ~ Uncertainty_proportional_z + log_size + log_turnover + log_words + pre_return + C(quarter),C(quarter)[T.2021Q3],-0.1345787867766014,0.05145865879728203,-2.6152797201101876,0.017020633358241572,-0.2422829974469024,-0.026874576106300382,754,0.6371284382954824
Table 5,10-Q,proportional,False,Firm and quarter clusters,log_post_vol ~ Uncertainty_proportional_z + log_size + log_turnover + log_words + pre_return + C(quarter),C(quarter)[T.2021Q4],0.25399742150168964,0.036762772496284665,6.909093200937422,1.375519702221262e-06,0.17705205436022564,0.33094278864315363,754,0.6371284382954824
Table 5,10-Q,proportional,False,Firm and quarter clusters,log_post_vol ~ Uncertainty_proportional_z + log_size + log_turnover + log_words + pre_return + C(quarter),C(quarter)[T.2022Q1],0.27681242922392757,,,,,,754,0.6371284382954824
Table 5,10-Q,proportional,False,Firm and quarter clusters,log_post_vol ~ Uncertainty_proportional_z + log_size + log_turnover + log_words + pre_return + C(quarter),C(quarter)[T.2022Q2],0.1873571968703191,0.046299636914990096,4.046623458717876,0.0006887914974280286,0.09045094309687393,0.28426345064376424,754,0.6371284382954824
Table 5,10-Q,proportional,False,Firm and quarter clusters,log_post_vol ~ Uncertainty_proportional_z + log_size + log_turnover + log_words + pre_return + C(quarter),C(quarter)[T.2022Q3],0.07641803714434219,0.04324660620413716,1.7670296897663083,0.09328277033278036,-0.014098149912440489,0.16693422420112486,754,0.6371284382954824
Table 5,10-Q,proportional,False,Firm and quarter clusters,log_post_vol ~ Uncertainty_proportional_z + log_size + log_turnover + log_words + pre_return + C(quarter),C(quarter)[T.2022Q4],0.08439404986532098,0.04883313201749318,1.7282129238626152,0.10016810499986292,-0.0178148700993888,0.18660296983003077,754,0.6371284382954824
Table 5,10-Q,proportional,False,Firm and quarter clusters,log_post_vol ~ Uncertainty_proportional_z + log_size + log_turnover + log_words + pre_return + C(quarter),C(quarter)[T.2023Q1],-0.12363281125024922,0.09603368107211072,-1.2873901101157894,0.21342031029285793,-0.32463361576755284,0.0773679932670544,754,0.6371284382954824
Table 5,10-Q,proportional,False,Firm and quarter clusters,log_post_vol ~ Uncertainty_proportional_z + log_size + log_turnover + log_words + pre_return + C(quarter),C(quarter)[T.2023Q2],-0.16536958429957732,0.04938817855287142,-3.3483637004864346,0.00337629495651023,-0.2687402300141497,-0.06199893858500491,754,0.6371284382954824
Table 5,10-Q,proportional,False,Firm and quarter clusters,log_post_vol ~ Uncertainty_proportional_z + log_size + log_turnover + log_words + pre_return + C(quarter),C(quarter)[T.2023Q3],-0.15665908145736043,0.04197188736941541,-3.7324764568847266,0.0014112738412692591,-0.24450725133046314,-0.06881091158425771,754,0.6371284382954824
Table 5,10-Q,proportional,False,Firm and quarter clusters,log_post_vol ~ Uncertainty_proportional_z + log_size + log_turnover + log_words + pre_return + C(quarter),C(quarter)[T.2023Q4],-0.054211979335332325,0.06309278657534038,-0.859242114319942,0.40091821219380697,-0.18626669929716938,0.07784274062650472,754,0.6371284382954824
Table 5,10-Q,proportional,False,Firm and quarter clusters,log_post_vol ~ Uncertainty_proportional_z + log_size + log_turnover + log_words + pre_return + C(quarter),C(quarter)[T.2024Q1],-0.16248856607822973,,,,,,754,0.6371284382954824
Table 5,10-Q,proportional,False,Firm and quarter clusters,log_post_vol ~ Uncertainty_proportional_z + log_size + log_turnover + log_words + pre_return + C(quarter),C(quarter)[T.2024Q2],-0.0703618957659509,0.04772949715693374,-1.474180537343652,0.15680975285030752,-0.1702608814202262,0.029537089888324403,754,0.6371284382954824
Table 5,10-Q,proportional,False,Firm and quarter clusters,log_post_vol ~ Uncertainty_proportional_z + log_size + log_turnover + log_words + pre_return + C(quarter),C(quarter)[T.2024Q3],-0.06879511532423324,0.05845311916192412,-1.1769280461092282,0.25375850335664957,-0.19113889978533566,0.053548669136869176,754,0.6371284382954824
Table 5,10-Q,proportional,False,Firm and quarter clusters,log_post_vol ~ Uncertainty_proportional_z + log_size + log_turnover + log_words + pre_return + C(quarter),C(quarter)[T.2024Q4],0.09859692758975662,0.04392727289010938,2.2445492538635743,0.03689980735912141,0.006656088786199707,0.19053776639331355,754,0.6371284382954824
Table 5,10-Q,proportional,False,Firm and quarter clusters,log_post_vol ~ Uncertainty_proportional_z + log_size + log_turnover + log_words + pre_return + C(quarter),C(quarter)[T.2025Q1],0.19715677454470582,,,,,,754,0.6371284382954824
Table 5,10-Q,proportional,False,Firm and quarter clusters,log_post_vol ~ Uncertainty_proportional_z + log_size + log_turnover + log_words + pre_return + C(quarter),C(quarter)[T.2025Q2],-0.15269793430186437,0.06133706462163253,-2.489488782089687,0.022227185757164602,-0.2810778859817381,-0.024317982621990614,754,0.6371284382954824
Table 5,10-Q,proportional,False,Firm and quarter clusters,log_post_vol ~ Uncertainty_proportional_z + log_size + log_turnover + log_words + pre_return + C(quarter),C(quarter)[T.2025Q3],-0.022588748679269983,0.04841458884784553,-0.4665690490579306,0.6461134893907521,-0.12392164772209892,0.07874415036355896,754,0.6371284382954824
Table 5,10-Q,proportional,False,Firm and quarter clusters,log_post_vol ~ Uncertainty_proportional_z + log_size + log_turnover + log_words + pre_return + C(quarter),C(quarter)[T.2025Q4],-0.021315663936786806,0.06710862984952809,-0.31762925252059365,0.754230433446333,-0.16177564047023255,0.11914431259665895,754,0.6371284382954824
Table 5,10-Q,proportional,False,Firm and quarter clusters,log_post_vol ~ Uncertainty_proportional_z + log_size + log_turnover + log_words + pre_return + C(quarter),Uncertainty_proportional_z,0.11892726702520645,0.04735146306366361,2.5115859010588504,0.02121547791433872,0.019819515821531963,0.21803501822888094,754,0.6371284382954824
Table 5,10-Q,proportional,False,Firm and quarter clusters,log_post_vol ~ Uncertainty_proportional_z + log_size + log_turnover + log_words + pre_return + C(quarter),log_size,-0.11105779828032819,0.014354158145725163,-7.736977477387102,2.7436781727489153e-07,-0.14110139656011192,-0.08101420000054446,754,0.6371284382954824
Table 5,10-Q,proportional,False,Firm and quarter clusters,log_post_vol ~ Uncertainty_proportional_z + log_size + log_turnover + log_words + pre_return + C(quarter),log_turnover,0.3089101102614977,0.04775373002670987,6.468816364474909,3.366301158288665e-06,0.20896040462787357,0.40885981589512177,754,0.6371284382954824
Table 5,10-Q,proportional,False,Firm and quarter clusters,log_post_vol ~ Uncertainty_proportional_z + log_size + log_turnover + log_words + pre_return + C(quarter),log_words,-0.07776779691882084,0.07619899034192783,-1.0205882856170836,0.32026966175425264,-0.23725411662610218,0.0817185227884605,754,0.6371284382954824
Table 5,10-Q,proportional,False,Firm and quarter clusters,log_post_vol ~ Uncertainty_proportional_z + log_size + log_turnover + log_words + pre_return + C(quarter),pre_return,-0.019412674711954743,0.07219892806483343,-0.26887760292677043,0.7909218410939864,-0.17052676785414622,0.13170141843023675,754,0.6371284382954824
Table 5,10-Q,proportional,True,Firm and quarter clusters,log_post_vol ~ Uncertainty_proportional_z + log_size + log_turnover + log_words + pre_return + C(quarter) + log_pre_vol,Intercept,1.4839538995036516,0.4120012966440821,3.6018185175412283,0.001900566887975247,0.6216252751801746,2.3462825238271288,754,0.7599754567094501
Table 5,10-Q,proportional,True,Firm and quarter clusters,log_post_vol ~ Uncertainty_proportional_z + log_size + log_turnover + log_words + pre_return + C(quarter) + log_pre_vol,C(quarter)[T.2021Q2],-0.23685136660448855,0.05241271868150026,-4.518967391174239,0.0002348577117697066,-0.34655244756180437,-0.12715028564717276,754,0.7599754567094501
Table 5,10-Q,proportional,True,Firm and quarter clusters,log_post_vol ~ Uncertainty_proportional_z + log_size + log_turnover + log_words + pre_return + C(quarter) + log_pre_vol,C(quarter)[T.2021Q3],0.04612265073361519,0.0495643964118222,0.9305601212287521,0.3637548209079774,-0.057616823198557536,0.1498621246657879,754,0.7599754567094501
Table 5,10-Q,proportional,True,Firm and quarter clusters,log_post_vol ~ Uncertainty_proportional_z + log_size + log_turnover + log_words + pre_return + C(quarter) + log_pre_vol,C(quarter)[T.2021Q4],0.3603523761144844,0.03351506868180725,10.751950996600282,1.6167670792269265e-09,0.29020453117831524,0.43050022105065355,754,0.7599754567094501
Table 5,10-Q,proportional,True,Firm and quarter clusters,log_post_vol ~ Uncertainty_proportional_z + log_size + log_turnover + log_words + pre_return + C(quarter) + log_pre_vol,C(quarter)[T.2022Q1],0.2571902119313097,,,,,,754,0.7599754567094501
Table 5,10-Q,proportional,True,Firm and quarter clusters,log_post_vol ~ Uncertainty_proportional_z + log_size + log_turnover + log_words + pre_return + C(quarter) + log_pre_vol,C(quarter)[T.2022Q2],0.1345210113295259,0.042117587977730984,3.1939391068798093,0.004778666878528734,0.04636788657847675,0.22267413608057507,754,0.7599754567094501
Table 5,10-Q,proportional,True,Firm and quarter clusters,log_post_vol ~ Uncertainty_proportional_z + log_size + log_turnover + log_words + pre_return + C(quarter) + log_pre_vol,C(quarter)[T.2022Q3],0.012986562757545079,0.024987459949404236,0.5197232045130186,0.6092588827907909,-0.039312791975122205,0.06528591749021237,754,0.7599754567094501
Table 5,10-Q,proportional,True,Firm and quarter clusters,log_post_vol ~ Uncertainty_proportional_z + log_size + log_turnover + log_words + pre_return + C(quarter) + log_pre_vol,C(quarter)[T.2022Q4],0.06291355118251941,0.019516027090850763,3.2236864034695714,0.004470255019071343,0.022066037034884557,0.10376106533015428,754,0.7599754567094501
Table 5,10-Q,proportional,True,Firm and quarter clusters,log_post_vol ~ Uncertainty_proportional_z + log_size + log_turnover + log_words + pre_return + C(quarter) + log_pre_vol,C(quarter)[T.2023Q1],-0.034678949022588716,0.12851923410794977,-0.26983470033333784,0.7901963498440184,-0.30367279746466036,0.2343148994194829,754,0.7599754567094501
Table 5,10-Q,proportional,True,Firm and quarter clusters,log_post_vol ~ Uncertainty_proportional_z + log_size + log_turnover + log_words + pre_return + C(quarter) + log_pre_vol,C(quarter)[T.2023Q2],-0.044536377607368074,0.019831999699993018,-2.2456826483001486,0.03681494751255061,-0.08604523002647183,-0.003027525188264324,754,0.7599754567094501
Table 5,10-Q,proportional,True,Firm and quarter clusters,log_post_vol ~ Uncertainty_proportional_z + log_size + log_turnover + log_words + pre_return + C(quarter) + log_pre_vol,C(quarter)[T.2023Q3],-0.005412261449953805,0.0066797913673258495,-0.810244085829962,0.42783214993641505,-0.019393225460195774,0.008568702560288164,754,0.7599754567094501
Table 5,10-Q,proportional,True,Firm and quarter clusters,log_post_vol ~ Uncertainty_proportional_z + log_size + log_turnover + log_words + pre_return + C(quarter) + log_pre_vol,C(quarter)[T.2023Q4],0.0955208859564131,0.06042161521691882,1.5809058664434055,0.13040361172071194,-0.030943008098801086,0.2219847800116273,754,0.7599754567094501
Table 5,10-Q,proportional,True,Firm and quarter clusters,log_post_vol ~ Uncertainty_proportional_z + log_size + log_turnover + log_words + pre_return + C(quarter) + log_pre_vol,C(quarter)[T.2024Q1],-0.018081867396618177,0.046982344139430705,-0.38486516004727556,0.7046115666439061,-0.11641704381293588,0.08025330901969951,754,0.7599754567094501
Table 5,10-Q,proportional,True,Firm and quarter clusters,log_post_vol ~ Uncertainty_proportional_z + log_size + log_turnover + log_words + pre_return + C(quarter) + log_pre_vol,C(quarter)[T.2024Q2],0.056077277217323265,0.013460784324171266,4.165973977952117,0.0005244968091527802,0.027903531835630515,0.08425102259901601,754,0.7599754567094501
Table 5,10-Q,proportional,True,Firm and quarter clusters,log_post_vol ~ Uncertainty_proportional_z + log_size + log_turnover + log_words + pre_return + C(quarter) + log_pre_vol,C(quarter)[T.2024Q3],0.039502302215281386,0.038151112984122236,1.0354167709791715,0.31347375167306746,-0.04034889496293561,0.11935349939349837,754,0.7599754567094501
Table 5,10-Q,proportional,True,Firm and quarter clusters,log_post_vol ~ Uncertainty_proportional_z + log_size + log_turnover + log_words + pre_return + C(quarter) + log_pre_vol,C(quarter)[T.2024Q4],0.20382574397902437,,,,,,754,0.7599754567094501
Table 5,10-Q,proportional,True,Firm and quarter clusters,log_post_vol ~ Uncertainty_proportional_z + log_size + log_turnover + log_words + pre_return + C(quarter) + log_pre_vol,C(quarter)[T.2025Q1],0.16279825856464292,,,,,,754,0.7599754567094501
Table 5,10-Q,proportional,True,Firm and quarter clusters,log_post_vol ~ Uncertainty_proportional_z + log_size + log_turnover + log_words + pre_return + C(quarter) + log_pre_vol,C(quarter)[T.2025Q2],-0.21262308437544877,0.04114610260049605,-5.167514562433561,5.476211169010671e-05,-0.29874286686343926,-0.12650330188745829,754,0.7599754567094501
Table 5,10-Q,proportional,True,Firm and quarter clusters,log_post_vol ~ Uncertainty_proportional_z + log_size + log_turnover + log_words + pre_return + C(quarter) + log_pre_vol,C(quarter)[T.2025Q3],0.13790133502325502,,,,,,754,0.7599754567094501
Table 5,10-Q,proportional,True,Firm and quarter clusters,log_post_vol ~ Uncertainty_proportional_z + log_size + log_turnover + log_words + pre_return + C(quarter) + log_pre_vol,C(quarter)[T.2025Q4],0.09810612863731098,0.048256523662102854,2.0330127657818906,0.05626337233850711,-0.002895936169594021,0.199108193444216,754,0.7599754567094501
Table 5,10-Q,proportional,True,Firm and quarter clusters,log_post_vol ~ Uncertainty_proportional_z + log_size + log_turnover + log_words + pre_return + C(quarter) + log_pre_vol,Uncertainty_proportional_z,0.053848354709179924,0.021928038496116516,2.455684976963012,0.023862860821215415,0.007952442670816663,0.09974426674754319,754,0.7599754567094501
Table 5,10-Q,proportional,True,Firm and quarter clusters,log_post_vol ~ Uncertainty_proportional_z + log_size + log_turnover + log_words + pre_return + C(quarter) + log_pre_vol,log_size,-0.045285680551766384,0.008017251086154073,-5.648529659994748,1.9078819370977242e-05,-0.062065979925317996,-0.02850538117821477,754,0.7599754567094501
Table 5,10-Q,proportional,True,Firm and quarter clusters,log_post_vol ~ Uncertainty_proportional_z + log_size + log_turnover + log_words + pre_return + C(quarter) + log_pre_vol,log_turnover,0.06935570907237495,0.024334969307306244,2.850043005871055,0.010241299327028316,0.018422032948895085,0.12028938519585483,754,0.7599754567094501
Table 5,10-Q,proportional,True,Firm and quarter clusters,log_post_vol ~ Uncertainty_proportional_z + log_size + log_turnover + log_words + pre_return + C(quarter) + log_pre_vol,log_words,-0.04483386953675962,0.03438513409960597,-1.303873627681254,0.2078536643597867,-0.1168027823212903,0.02713504324777105,754,0.7599754567094501
Table 5,10-Q,proportional,True,Firm and quarter clusters,log_post_vol ~ Uncertainty_proportional_z + log_size + log_turnover + log_words + pre_return + C(quarter) + log_pre_vol,pre_return,-0.11006337711672173,0.05388217818232334,-2.042667554089884,0.05521025309395256,-0.22284007215623905,0.002713317922795583,754,0.7599754567094501
Table 5,10-Q,proportional,True,Firm and quarter clusters,log_post_vol ~ Uncertainty_proportional_z + log_size + log_turnover + log_words + pre_return + C(quarter) + log_pre_vol,log_pre_vol,0.6309080037969227,0.050032022865838945,12.610083855468025,1.1162469761952915e-10,0.5261897764480152,0.7356262311458301,754,0.7599754567094501
Table 6,10-Q,proportional,True,Firm and quarter clusters,filing_return ~ Negative_proportional_z + log_pre_vol + log_size + log_turnover + log_words + pre_return + C(quarter),Intercept,0.03313739451352465,0.11538744317425421,0.2871837142927387,0.7770802734963488,-0.20837129962686124,0.27464608865391055,754,0.04780580501887455
Table 6,10-Q,proportional,True,Firm and quarter clusters,filing_return ~ Negative_proportional_z + log_pre_vol + log_size + log_turnover + log_words + pre_return + C(quarter),C(quarter)[T.2021Q2],-0.04043919035420097,0.015339653627986158,-2.6362518564579847,0.01627360505928859,-0.07254545438386767,-0.008332926324534258,754,0.04780580501887455
Table 6,10-Q,proportional,True,Firm and quarter clusters,filing_return ~ Negative_proportional_z + log_pre_vol + log_size + log_turnover + log_words + pre_return + C(quarter),C(quarter)[T.2021Q3],-0.02297173587730715,0.014359354088452169,-1.5997750132633808,0.12614517095277827,-0.05302620939020383,0.007082737635589531,754,0.04780580501887455
Table 6,10-Q,proportional,True,Firm and quarter clusters,filing_return ~ Negative_proportional_z + log_pre_vol + log_size + log_turnover + log_words + pre_return + C(quarter),C(quarter)[T.2021Q4],-0.03134529976856392,0.010206111775077326,-3.0712283442855433,0.006285194090514799,-0.052706937215780646,-0.009983662321347196,754,0.04780580501887455
Table 6,10-Q,proportional,True,Firm and quarter clusters,filing_return ~ Negative_proportional_z + log_pre_vol + log_size + log_turnover + log_words + pre_return + C(quarter),C(quarter)[T.2022Q1],0.013047064117035686,0.005587352119914928,2.335106833616625,0.030659164015700645,0.0013526017296044846,0.024741526504466885,754,0.04780580501887455
Table 6,10-Q,proportional,True,Firm and quarter clusters,filing_return ~ Negative_proportional_z + log_pre_vol + log_size + log_turnover + log_words + pre_return + C(quarter),C(quarter)[T.2022Q2],-0.051782147656421564,0.013422456043095764,-3.8578742586426453,0.0010600387812942616,-0.07987567102385916,-0.023688624288983964,754,0.04780580501887455
Table 6,10-Q,proportional,True,Firm and quarter clusters,filing_return ~ Negative_proportional_z + log_pre_vol + log_size + log_turnover + log_words + pre_return + C(quarter),C(quarter)[T.2022Q3],0.00012615470836839341,,,,,,754,0.04780580501887455
Table 6,10-Q,proportional,True,Firm and quarter clusters,filing_return ~ Negative_proportional_z + log_pre_vol + log_size + log_turnover + log_words + pre_return + C(quarter),C(quarter)[T.2022Q4],-0.023542394810012003,0.010744349081078103,-2.1911420256693415,0.0411081917816174,-0.04603057588566828,-0.0010542137343557273,754,0.04780580501887455
Table 6,10-Q,proportional,True,Firm and quarter clusters,filing_return ~ Negative_proportional_z + log_pre_vol + log_size + log_turnover + log_words + pre_return + C(quarter),C(quarter)[T.2023Q1],-0.0026404596791659725,,,,,,754,0.04780580501887455
Table 6,10-Q,proportional,True,Firm and quarter clusters,filing_return ~ Negative_proportional_z + log_pre_vol + log_size + log_turnover + log_words + pre_return + C(quarter),C(quarter)[T.2023Q2],-0.007399997843833633,0.010800247101895312,-0.685169308999886,0.5015114646902566,-0.030005174821654147,0.01520517913398688,754,0.04780580501887455
Table 6,10-Q,proportional,True,Firm and quarter clusters,filing_return ~ Negative_proportional_z + log_pre_vol + log_size + log_turnover + log_words + pre_return + C(quarter),C(quarter)[T.2023Q3],-0.03165199880478252,,,,,,754,0.04780580501887455
Table 6,10-Q,proportional,True,Firm and quarter clusters,filing_return ~ Negative_proportional_z + log_pre_vol + log_size + log_turnover + log_words + pre_return + C(quarter),C(quarter)[T.2023Q4],-0.027028206066440803,0.021256344198720908,-1.2715359618643745,0.21888341415398324,-0.07151824578314617,0.01746183365026456,754,0.04780580501887455
Table 6,10-Q,proportional,True,Firm and quarter clusters,filing_return ~ Negative_proportional_z + log_pre_vol + log_size + log_turnover + log_words + pre_return + C(quarter),C(quarter)[T.2024Q1],0.027591570376359918,,,,,,754,0.04780580501887455
Table 6,10-Q,proportional,True,Firm and quarter clusters,filing_return ~ Negative_proportional_z + log_pre_vol + log_size + log_turnover + log_words + pre_return + C(quarter),C(quarter)[T.2024Q2],0.03170345446575801,0.01273961967279865,2.4885715021344406,0.022270146908118293,0.005039124046577123,0.05836778488493889,754,0.04780580501887455
Table 6,10-Q,proportional,True,Firm and quarter clusters,filing_return ~ Negative_proportional_z + log_pre_vol + log_size + log_turnover + log_words + pre_return + C(quarter),C(quarter)[T.2024Q3],-0.022675284235121874,0.013271675888489718,-1.7085471665856258,0.10382053857273314,-0.05045322111204162,0.0051026526417978675,754,0.04780580501887455
Table 6,10-Q,proportional,True,Firm and quarter clusters,filing_return ~ Negative_proportional_z + log_pre_vol + log_size + log_turnover + log_words + pre_return + C(quarter),C(quarter)[T.2024Q4],-0.019264067067197407,0.019007445474776747,-1.0135011089607597,0.32355423256875043,-0.05904710765875949,0.020518973524364683,754,0.04780580501887455
Table 6,10-Q,proportional,True,Firm and quarter clusters,filing_return ~ Negative_proportional_z + log_pre_vol + log_size + log_turnover + log_words + pre_return + C(quarter),C(quarter)[T.2025Q1],-0.003681492195227652,0.02103061473235387,-0.17505395073230925,0.8628892441773142,-0.047699074709038065,0.040336090318582755,754,0.04780580501887455
Table 6,10-Q,proportional,True,Firm and quarter clusters,filing_return ~ Negative_proportional_z + log_pre_vol + log_size + log_turnover + log_words + pre_return + C(quarter),C(quarter)[T.2025Q2],-0.016218502171710596,,,,,,754,0.04780580501887455
Table 6,10-Q,proportional,True,Firm and quarter clusters,filing_return ~ Negative_proportional_z + log_pre_vol + log_size + log_turnover + log_words + pre_return + C(quarter),C(quarter)[T.2025Q3],-0.04034988369499922,,,,,,754,0.04780580501887455
Table 6,10-Q,proportional,True,Firm and quarter clusters,filing_return ~ Negative_proportional_z + log_pre_vol + log_size + log_turnover + log_words + pre_return + C(quarter),C(quarter)[T.2025Q4],-0.048921727507974806,0.015417706509585332,-3.173087221342533,0.0050071382039241375,-0.08119135809634448,-0.01665209691960514,754,0.04780580501887455
Table 6,10-Q,proportional,True,Firm and quarter clusters,filing_return ~ Negative_proportional_z + log_pre_vol + log_size + log_turnover + log_words + pre_return + C(quarter),Negative_proportional_z,-0.006887509060583988,0.003311019864672896,-2.080177510884376,0.051285179637663145,-0.013817553281968101,4.2535160800125614e-05,754,0.04780580501887455
Table 6,10-Q,proportional,True,Firm and quarter clusters,filing_return ~ Negative_proportional_z + log_pre_vol + log_size + log_turnover + log_words + pre_return + C(quarter),log_pre_vol,-0.03080582166715098,0.022425150538569333,-1.3737174969758894,0.18552164553242437,-0.07774220116810403,0.01613055783380207,754,0.04780580501887455
Table 6,10-Q,proportional,True,Firm and quarter clusters,filing_return ~ Negative_proportional_z + log_pre_vol + log_size + log_turnover + log_words + pre_return + C(quarter),log_size,-0.000741943837635743,0.002752292743732407,-0.26957300938474543,0.7903946952181219,-0.006502558755041114,0.005018671079769628,754,0.04780580501887455
Table 6,10-Q,proportional,True,Firm and quarter clusters,filing_return ~ Negative_proportional_z + log_pre_vol + log_size + log_turnover + log_words + pre_return + C(quarter),log_turnover,0.017212723110188035,0.010614876331667595,1.621566052431241,0.12137348181884161,-0.00500446838656167,0.03942991460693774,754,0.04780580501887455
Table 6,10-Q,proportional,True,Firm and quarter clusters,filing_return ~ Negative_proportional_z + log_pre_vol + log_size + log_turnover + log_words + pre_return + C(quarter),log_words,0.005769452605456287,0.009805760475487691,0.5883738053645801,0.5632109603654731,-0.014754239941505706,0.02629314515241828,754,0.04780580501887455
Table 6,10-Q,proportional,True,Firm and quarter clusters,filing_return ~ Negative_proportional_z + log_pre_vol + log_size + log_turnover + log_words + pre_return + C(quarter),pre_return,0.018378461922559923,0.032527645293555604,0.5650105243308551,0.5786775656511174,-0.049702682110113174,0.08645960595523303,754,0.04780580501887455
Table 5,10-Q,tfidf,False,Firm and quarter clusters,log_post_vol ~ Uncertainty_tfidf_z + log_size + log_turnover + log_words + pre_return + C(quarter),Intercept,3.07043948504621,1.0783669357307817,2.8473049231293905,0.010302834639597896,0.813391549083105,5.327487421009314,754,0.6157174914450051
Table 5,10-Q,tfidf,False,Firm and quarter clusters,log_post_vol ~ Uncertainty_tfidf_z + log_size + log_turnover + log_words + pre_return + C(quarter),C(quarter)[T.2021Q2],-0.296352981705789,0.05654803035558599,-5.240730399312915,4.656852052188057e-05,-0.4147093694694417,-0.1779965939421363,754,0.6157174914450051
Table 5,10-Q,tfidf,False,Firm and quarter clusters,log_post_vol ~ Uncertainty_tfidf_z + log_size + log_turnover + log_words + pre_return + C(quarter),C(quarter)[T.2021Q3],-0.21117087896330808,0.04681994201210832,-4.510276388396556,0.00023953382030377735,-0.30916614382065294,-0.11317561410596322,754,0.6157174914450051
Table 5,10-Q,tfidf,False,Firm and quarter clusters,log_post_vol ~ Uncertainty_tfidf_z + log_size + log_turnover + log_words + pre_return + C(quarter),C(quarter)[T.2021Q4],0.17565786282250442,0.03042195490461003,5.774049148823302,1.455173541522615e-05,0.1119839794250308,0.23933174621997805,754,0.6157174914450051
Table 5,10-Q,tfidf,False,Firm and quarter clusters,log_post_vol ~ Uncertainty_tfidf_z + log_size + log_turnover + log_words + pre_return + C(quarter),C(quarter)[T.2022Q1],0.2865819804779497,,,,,,754,0.6157174914450051
Table 5,10-Q,tfidf,False,Firm and quarter clusters,log_post_vol ~ Uncertainty_tfidf_z + log_size + log_turnover + log_words + pre_return + C(quarter),C(quarter)[T.2022Q2],0.145465863202878,0.054882528143498845,2.6504949411684358,0.01578410798513546,0.030595411631793926,0.2603363147739621,754,0.6157174914450051
Table 5,10-Q,tfidf,False,Firm and quarter clusters,log_post_vol ~ Uncertainty_tfidf_z + log_size + log_turnover + log_words + pre_return + C(quarter),C(quarter)[T.2022Q3],0.00042518438084087186,0.035126671642861367,0.012104317345058797,0.9904685839270646,-0.0730957843189702,0.07394615308065193,754,0.6157174914450051
Table 5,10-Q,tfidf,False,Firm and quarter clusters,log_post_vol ~ Uncertainty_tfidf_z + log_size + log_turnover + log_words + pre_return + C(quarter),C(quarter)[T.2022Q4],-9.239926492093757e-05,0.04082767086748951,-0.0022631529783030996,0.9982178600293395,-0.08554569647604182,0.08536089794619994,754,0.6157174914450051
Table 5,10-Q,tfidf,False,Firm and quarter clusters,log_post_vol ~ Uncertainty_tfidf_z + log_size + log_turnover + log_words + pre_return + C(quarter),C(quarter)[T.2023Q1],-0.11113641416450085,0.08578164692902242,-1.2955733323289713,0.21064238362765494,-0.2906794646137054,0.0684066362847037,754,0.6157174914450051
Table 5,10-Q,tfidf,False,Firm and quarter clusters,log_post_vol ~ Uncertainty_tfidf_z + log_size + log_turnover + log_words + pre_return + C(quarter),C(quarter)[T.2023Q2],-0.2055015111681283,0.050642730511756544,-4.057867912955874,0.0006713274955635348,-0.3114979643101523,-0.09950505802610424,754,0.6157174914450051
Table 5,10-Q,tfidf,False,Firm and quarter clusters,log_post_vol ~ Uncertainty_tfidf_z + log_size + log_turnover + log_words + pre_return + C(quarter),C(quarter)[T.2023Q3],-0.22760971400325009,0.03145478452649819,-7.23609197867837,7.196547211340183e-07,-0.2934453346434411,-0.1617740933630591,754,0.6157174914450051
Table 5,10-Q,tfidf,False,Firm and quarter clusters,log_post_vol ~ Uncertainty_tfidf_z + log_size + log_turnover + log_words + pre_return + C(quarter),C(quarter)[T.2023Q4],-0.1322910573156785,0.059915216347978896,-2.207970952609955,0.03973690406052486,-0.2576950463570763,-0.006887068274280733,754,0.6157174914450051
Table 5,10-Q,tfidf,False,Firm and quarter clusters,log_post_vol ~ Uncertainty_tfidf_z + log_size + log_turnover + log_words + pre_return + C(quarter),C(quarter)[T.2024Q1],-0.1599437868612198,,,,,,754,0.6157174914450051
Table 5,10-Q,tfidf,False,Firm and quarter clusters,log_post_vol ~ Uncertainty_tfidf_z + log_size + log_turnover + log_words + pre_return + C(quarter),C(quarter)[T.2024Q2],-0.12127483885354809,0.04929913235023835,-2.45997917350693,0.023648995017735375,-0.22445910872405578,-0.018090568983040414,754,0.6157174914450051
Table 5,10-Q,tfidf,False,Firm and quarter clusters,log_post_vol ~ Uncertainty_tfidf_z + log_size + log_turnover + log_words + pre_return + C(quarter),C(quarter)[T.2024Q3],-0.1442430074450156,0.056941676441339184,-2.5331710701144083,0.020269137297644194,-0.2634233059350734,-0.02506270895495777,754,0.6157174914450051
Table 5,10-Q,tfidf,False,Firm and quarter clusters,log_post_vol ~ Uncertainty_tfidf_z + log_size + log_turnover + log_words + pre_return + C(quarter),C(quarter)[T.2024Q4],0.006669835725452824,0.03352846037825018,0.19893056973709206,0.8444303512898399,-0.0635060383535007,0.07684570980440635,754,0.6157174914450051
Table 5,10-Q,tfidf,False,Firm and quarter clusters,log_post_vol ~ Uncertainty_tfidf_z + log_size + log_turnover + log_words + pre_return + C(quarter),C(quarter)[T.2025Q1],0.18443589961295873,,,,,,754,0.6157174914450051
Table 5,10-Q,tfidf,False,Firm and quarter clusters,log_post_vol ~ Uncertainty_tfidf_z + log_size + log_turnover + log_words + pre_return + C(quarter),C(quarter)[T.2025Q2],-0.19804685347134482,0.06578910637245805,-3.0103289798484805,0.007195213504570549,-0.3357450356269265,-0.06034867131576316,754,0.6157174914450051
Table 5,10-Q,tfidf,False,Firm and quarter clusters,log_post_vol ~ Uncertainty_tfidf_z + log_size + log_turnover + log_words + pre_return + C(quarter),C(quarter)[T.2025Q3],-0.10147384768168259,0.04709543628722967,-2.154642905584423,0.04423211897787221,-0.20004572868370823,-0.0029019666796569615,754,0.6157174914450051
Table 5,10-Q,tfidf,False,Firm and quarter clusters,log_post_vol ~ Uncertainty_tfidf_z + log_size + log_turnover + log_words + pre_return + C(quarter),C(quarter)[T.2025Q4],-0.10978662364498663,0.0687727844155521,-1.5963672923523478,0.12690546889749765,-0.253729715715374,0.03415646842540075,754,0.6157174914450051
Table 5,10-Q,tfidf,False,Firm and quarter clusters,log_post_vol ~ Uncertainty_tfidf_z + log_size + log_turnover + log_words + pre_return + C(quarter),Uncertainty_tfidf_z,0.060662251315675264,0.09034962864029455,0.6714167200087509,0.5100365855933162,-0.1284416947353191,0.24976619736666963,754,0.6157174914450051
Table 5,10-Q,tfidf,False,Firm and quarter clusters,log_post_vol ~ Uncertainty_tfidf_z + log_size + log_turnover + log_words + pre_return + C(quarter),log_size,-0.103319953994355,0.01529584699478704,-6.754771672962429,1.876810089268598e-06,-0.1353345296869933,-0.07130537830171668,754,0.6157174914450051
Table 5,10-Q,tfidf,False,Firm and quarter clusters,log_post_vol ~ Uncertainty_tfidf_z + log_size + log_turnover + log_words + pre_return + C(quarter),log_turnover,0.3236096215467886,0.04935026023291229,6.55740456118141,2.805698344152234e-06,0.22031833978799337,0.4269009033055838,754,0.6157174914450051
Table 5,10-Q,tfidf,False,Firm and quarter clusters,log_post_vol ~ Uncertainty_tfidf_z + log_size + log_turnover + log_words + pre_return + C(quarter),log_words,0.01617092754012015,0.10000503186425169,0.16170113881940268,0.8732483486442246,-0.19314200971362805,0.22548386479386834,754,0.6157174914450051
Table 5,10-Q,tfidf,False,Firm and quarter clusters,log_post_vol ~ Uncertainty_tfidf_z + log_size + log_turnover + log_words + pre_return + C(quarter),pre_return,-0.00948216652895973,0.07534372197481765,-0.12585211190029852,0.9011711703345491,-0.16717838897090495,0.1482140559129855,754,0.6157174914450051
Table 5,10-Q,tfidf,True,Firm and quarter clusters,log_post_vol ~ Uncertainty_tfidf_z + log_size + log_turnover + log_words + pre_return + C(quarter) + log_pre_vol,Intercept,0.9628496015253268,0.5062374709868396,1.9019722100941785,0.07244613489551639,-0.09671760249295669,2.0224168055436103,754,0.75577979158485
Table 5,10-Q,tfidf,True,Firm and quarter clusters,log_post_vol ~ Uncertainty_tfidf_z + log_size + log_turnover + log_words + pre_return + C(quarter) + log_pre_vol,C(quarter)[T.2021Q2],-0.253692495196754,0.0541067044962863,-4.6887441687409845,0.0001599343657807066,-0.3669391292122435,-0.1404458611812646,754,0.75577979158485
Table 5,10-Q,tfidf,True,Firm and quarter clusters,log_post_vol ~ Uncertainty_tfidf_z + log_size + log_turnover + log_words + pre_return + C(quarter) + log_pre_vol,C(quarter)[T.2021Q3],0.02069091172520838,0.04816936765064618,0.42954501448454896,0.6723583979437098,-0.08012873345323152,0.12151055690364829,754,0.75577979158485
Table 5,10-Q,tfidf,True,Firm and quarter clusters,log_post_vol ~ Uncertainty_tfidf_z + log_size + log_turnover + log_words + pre_return + C(quarter) + log_pre_vol,C(quarter)[T.2021Q4],0.3311574596187069,0.03465179441027188,9.556718930565438,1.0869704716027188e-08,0.2586304203895965,0.4036844988478173,754,0.75577979158485
Table 5,10-Q,tfidf,True,Firm and quarter clusters,log_post_vol ~ Uncertainty_tfidf_z + log_size + log_turnover + log_words + pre_return + C(quarter) + log_pre_vol,C(quarter)[T.2022Q1],0.2606485907973906,,,,,,754,0.75577979158485
Table 5,10-Q,tfidf,True,Firm and quarter clusters,log_post_vol ~ Uncertainty_tfidf_z + log_size + log_turnover + log_words + pre_return + C(quarter) + log_pre_vol,C(quarter)[T.2022Q2],0.11456627458447892,0.04386824472272838,2.6115992401474295,0.017155038080222784,0.02274898315513807,0.20638356601381977,754,0.75577979158485
Table 5,10-Q,tfidf,True,Firm and quarter clusters,log_post_vol ~ Uncertainty_tfidf_z + log_size + log_turnover + log_words + pre_return + C(quarter) + log_pre_vol,C(quarter)[T.2022Q3],-0.02218266630257302,0.013000425561989671,-1.7063030896027096,0.1042445015147779,-0.04939286972136206,0.005027537116216018,754,0.75577979158485
Table 5,10-Q,tfidf,True,Firm and quarter clusters,log_post_vol ~ Uncertainty_tfidf_z + log_size + log_turnover + log_words + pre_return + C(quarter) + log_pre_vol,C(quarter)[T.2022Q4],0.025768948907400495,0.005102983038449859,5.049781414760173,7.114411619652438e-05,0.01508828265868734,0.03644961515611365,754,0.75577979158485
Table 5,10-Q,tfidf,True,Firm and quarter clusters,log_post_vol ~ Uncertainty_tfidf_z + log_size + log_turnover + log_words + pre_return + C(quarter) + log_pre_vol,C(quarter)[T.2023Q1],-0.025524484654998826,0.12473960842027673,-0.20462213228216097,0.8400433981346742,-0.28660748561611127,0.2355585163061136,754,0.75577979158485
Table 5,10-Q,tfidf,True,Firm and quarter clusters,log_post_vol ~ Uncertainty_tfidf_z + log_size + log_turnover + log_words + pre_return + C(quarter) + log_pre_vol,C(quarter)[T.2023Q2],-0.05659971321822619,0.0078005224131731535,-7.255887518846593,6.922997650223565e-07,-0.07292639426594874,-0.04027303217050363,754,0.75577979158485
Table 5,10-Q,tfidf,True,Firm and quarter clusters,log_post_vol ~ Uncertainty_tfidf_z + log_size + log_turnover + log_words + pre_return + C(quarter) + log_pre_vol,C(quarter)[T.2023Q3],-0.029581704566006096,,,,,,754,0.75577979158485
Table 5,10-Q,tfidf,True,Firm and quarter clusters,log_post_vol ~ Uncertainty_tfidf_z + log_size + log_turnover + log_words + pre_return + C(quarter) + log_pre_vol,C(quarter)[T.2023Q4],0.06818820995101439,0.060458680484876556,1.1278481337030064,0.2734256186824801,-0.058353262601618425,0.1947296825036472,754,0.75577979158485
Table 5,10-Q,tfidf,True,Firm and quarter clusters,log_post_vol ~ Uncertainty_tfidf_z + log_size + log_turnover + log_words + pre_return + C(quarter) + log_pre_vol,C(quarter)[T.2024Q1],-0.010894559204053382,,,,,,754,0.75577979158485
Table 5,10-Q,tfidf,True,Firm and quarter clusters,log_post_vol ~ Uncertainty_tfidf_z + log_size + log_turnover + log_words + pre_return + C(quarter) + log_pre_vol,C(quarter)[T.2024Q2],0.039550545264566,0.004777002936224254,8.279363817144056,1.0028416726292318e-07,0.029552163211069515,0.049548927318062486,754,0.75577979158485
Table 5,10-Q,tfidf,True,Firm and quarter clusters,log_post_vol ~ Uncertainty_tfidf_z + log_size + log_turnover + log_words + pre_return + C(quarter) + log_pre_vol,C(quarter)[T.2024Q3],0.011619815136929374,0.036629719303804015,0.31722370134904776,0.7545333364485669,-0.0650470684721568,0.08828669874601555,754,0.75577979158485
Table 5,10-Q,tfidf,True,Firm and quarter clusters,log_post_vol ~ Uncertainty_tfidf_z + log_size + log_turnover + log_words + pre_return + C(quarter) + log_pre_vol,C(quarter)[T.2024Q4],0.16866528812374157,,,,,,754,0.75577979158485
Table 5,10-Q,tfidf,True,Firm and quarter clusters,log_post_vol ~ Uncertainty_tfidf_z + log_size + log_turnover + log_words + pre_return + C(quarter) + log_pre_vol,C(quarter)[T.2025Q1],0.1560463237359192,,,,,,754,0.75577979158485
Table 5,10-Q,tfidf,True,Firm and quarter clusters,log_post_vol ~ Uncertainty_tfidf_z + log_size + log_turnover + log_words + pre_return + C(quarter) + log_pre_vol,C(quarter)[T.2025Q2],-0.23443112880100125,0.03928621567736077,-5.967261665676174,9.626088763940502e-06,-0.31665812322039016,-0.15220413438161234,754,0.75577979158485
Table 5,10-Q,tfidf,True,Firm and quarter clusters,log_post_vol ~ Uncertainty_tfidf_z + log_size + log_turnover + log_words + pre_return + C(quarter) + log_pre_vol,C(quarter)[T.2025Q3],0.11060073655512495,,,,,,754,0.75577979158485
Table 5,10-Q,tfidf,True,Firm and quarter clusters,log_post_vol ~ Uncertainty_tfidf_z + log_size + log_turnover + log_words + pre_return + C(quarter) + log_pre_vol,C(quarter)[T.2025Q4],0.06497230949186046,0.04712314451645014,1.3787770353308955,0.18398119421653902,-0.03365756550042867,0.1636021844841496,754,0.75577979158485
Table 5,10-Q,tfidf,True,Firm and quarter clusters,log_post_vol ~ Uncertainty_tfidf_z + log_size + log_turnover + log_words + pre_return + C(quarter) + log_pre_vol,Uncertainty_tfidf_z,0.02452797696564088,0.03383320373680657,0.7249676133672587,0.4773061367644772,-0.046285732293192355,0.09534168622447411,754,0.75577979158485
Table 5,10-Q,tfidf,True,Firm and quarter clusters,log_post_vol ~ Uncertainty_tfidf_z + log_size + log_turnover + log_words + pre_return + C(quarter) + log_pre_vol,log_size,-0.0393032644407928,0.007192194305121523,-5.4647111539805255,2.846145210389967e-05,-0.0543567001253906,-0.024249828756195003,754,0.75577979158485
Table 5,10-Q,tfidf,True,Firm and quarter clusters,log_post_vol ~ Uncertainty_tfidf_z + log_size + log_turnover + log_words + pre_return + C(quarter) + log_pre_vol,log_turnover,0.06585160981156912,0.024754223725923424,2.660217122567539,0.015458042674680532,0.014040424105006527,0.11766279551813172,754,0.75577979158485
Table 5,10-Q,tfidf,True,Firm and quarter clusters,log_post_vol ~ Uncertainty_tfidf_z + log_size + log_turnover + log_words + pre_return + C(quarter) + log_pre_vol,log_words,-0.0014762003315178741,0.04360084076108184,-0.033857152883976775,0.9733442200992214,-0.09273380883688843,0.08978140817385268,754,0.75577979158485
Table 5,10-Q,tfidf,True,Firm and quarter clusters,log_post_vol ~ Uncertainty_tfidf_z + log_size + log_turnover + log_words + pre_return + C(quarter) + log_pre_vol,pre_return,-0.10947721807435903,0.05423283814685433,-2.0186518319013893,0.05786324447456522,-0.2229878528545577,0.004033416705839607,754,0.75577979158485
Table 5,10-Q,tfidf,True,Firm and quarter clusters,log_post_vol ~ Uncertainty_tfidf_z + log_size + log_turnover + log_words + pre_return + C(quarter) + log_pre_vol,log_pre_vol,0.6568237964218674,0.05221754999766225,12.578602336786636,1.1648877680775644e-10,0.5475312082144917,0.766116384629243,754,0.75577979158485
Table 6,10-Q,tfidf,True,Firm and quarter clusters,filing_return ~ Negative_tfidf_z + log_pre_vol + log_size + log_turnover + log_words + pre_return + C(quarter),Intercept,0.05118186803823834,0.14917493099644422,0.3430996595497559,0.735290525380562,-0.26104485085201906,0.3634085869284957,754,0.046652916948619505
Table 6,10-Q,tfidf,True,Firm and quarter clusters,filing_return ~ Negative_tfidf_z + log_pre_vol + log_size + log_turnover + log_words + pre_return + C(quarter),C(quarter)[T.2021Q2],-0.0361120767479753,0.014716772726830389,-2.453804065489085,0.02395710581089536,-0.06691463606849146,-0.005309517427459137,754,0.046652916948619505
Table 6,10-Q,tfidf,True,Firm and quarter clusters,filing_return ~ Negative_tfidf_z + log_pre_vol + log_size + log_turnover + log_words + pre_return + C(quarter),C(quarter)[T.2021Q3],-0.019088151791369492,0.014090341641869534,-1.354697584808656,0.19140485979203883,-0.048579575782633486,0.010403272199894505,754,0.046652916948619505
Table 6,10-Q,tfidf,True,Firm and quarter clusters,filing_return ~ Negative_tfidf_z + log_pre_vol + log_size + log_turnover + log_words + pre_return + C(quarter),C(quarter)[T.2021Q4],-0.02723400298303366,0.00999859068815573,-2.723784164431783,0.013478776614674084,-0.04816129380352653,-0.006306712162540792,754,0.046652916948619505
Table 6,10-Q,tfidf,True,Firm and quarter clusters,filing_return ~ Negative_tfidf_z + log_pre_vol + log_size + log_turnover + log_words + pre_return + C(quarter),C(quarter)[T.2022Q1],0.012450579681730332,0.006118587244744367,2.0348781808128837,0.0560585007105617,-0.00035577060051548634,0.02525692996397615,754,0.046652916948619505
Table 6,10-Q,tfidf,True,Firm and quarter clusters,filing_return ~ Negative_tfidf_z + log_pre_vol + log_size + log_turnover + log_words + pre_return + C(quarter),C(quarter)[T.2022Q2],-0.04772036666332564,0.01315200053306406,-3.6283732306242604,0.001789105048892044,-0.07524782014261962,-0.02019291318403166,754,0.046652916948619505
Table 6,10-Q,tfidf,True,Firm and quarter clusters,filing_return ~ Negative_tfidf_z + log_pre_vol + log_size + log_turnover + log_words + pre_return + C(quarter),C(quarter)[T.2022Q3],0.004287567013214812,,,,,,754,0.046652916948619505
Table 6,10-Q,tfidf,True,Firm and quarter clusters,filing_return ~ Negative_tfidf_z + log_pre_vol + log_size + log_turnover + log_words + pre_return + C(quarter),C(quarter)[T.2022Q4],-0.019693064884557254,0.01053468956778438,-1.8693540761542375,0.07706672599960056,-0.04174242355565423,0.0023562937865397246,754,0.046652916948619505
Table 6,10-Q,tfidf,True,Firm and quarter clusters,filing_return ~ Negative_tfidf_z + log_pre_vol + log_size + log_turnover + log_words + pre_return + C(quarter),C(quarter)[T.2023Q1],-0.0032627208570729207,,,,,,754,0.046652916948619505
Table 6,10-Q,tfidf,True,Firm and quarter clusters,filing_return ~ Negative_tfidf_z + log_pre_vol + log_size + log_turnover + log_words + pre_return + C(quarter),C(quarter)[T.2023Q2],-0.0041007799727079,0.010281429125886645,-0.39885310908606386,0.6944485722413546,-0.025620058446882837,0.01741849850146704,754,0.046652916948619505
Table 6,10-Q,tfidf,True,Firm and quarter clusters,filing_return ~ Negative_tfidf_z + log_pre_vol + log_size + log_turnover + log_words + pre_return + C(quarter),C(quarter)[T.2023Q3],-0.027991169160135984,,,,,,754,0.046652916948619505
Table 6,10-Q,tfidf,True,Firm and quarter clusters,filing_return ~ Negative_tfidf_z + log_pre_vol + log_size + log_turnover + log_words + pre_return + C(quarter),C(quarter)[T.2023Q4],-0.023423468087441262,0.021330847842411935,-1.098103003710363,0.2858809816285813,-0.06806944572253301,0.02122250954765049,754,0.046652916948619505
Table 6,10-Q,tfidf,True,Firm and quarter clusters,filing_return ~ Negative_tfidf_z + log_pre_vol + log_size + log_turnover + log_words + pre_return + C(quarter),C(quarter)[T.2024Q1],0.02764132078675638,,,,,,754,0.046652916948619505
Table 6,10-Q,tfidf,True,Firm and quarter clusters,filing_return ~ Negative_tfidf_z + log_pre_vol + log_size + log_turnover + log_words + pre_return + C(quarter),C(quarter)[T.2024Q2],0.03575331406840392,0.014091388398687909,2.5372456607422036,0.02009501673728988,0.00625969918993995,0.0652469289468679,754,0.046652916948619505
Table 6,10-Q,tfidf,True,Firm and quarter clusters,filing_return ~ Negative_tfidf_z + log_pre_vol + log_size + log_turnover + log_words + pre_return + C(quarter),C(quarter)[T.2024Q3],-0.018498681674617892,0.013530622932240728,-1.3671714722416282,0.18752994823479366,-0.04681860094292642,0.009821237593690635,754,0.046652916948619505
Table 6,10-Q,tfidf,True,Firm and quarter clusters,filing_return ~ Negative_tfidf_z + log_pre_vol + log_size + log_turnover + log_words + pre_return + C(quarter),C(quarter)[T.2024Q4],-0.01471985584175222,0.019122898270327086,-0.7697502561415052,0.45091277544838543,-0.05474454191154985,0.02530483022804541,754,0.046652916948619505
Table 6,10-Q,tfidf,True,Firm and quarter clusters,filing_return ~ Negative_tfidf_z + log_pre_vol + log_size + log_turnover + log_words + pre_return + C(quarter),C(quarter)[T.2025Q1],-0.003497558751921482,0.0214162170969972,-0.16331356448622666,0.8719961427215023,-0.0483222162903671,0.04132709878652414,754,0.046652916948619505
Table 6,10-Q,tfidf,True,Firm and quarter clusters,filing_return ~ Negative_tfidf_z + log_pre_vol + log_size + log_turnover + log_words + pre_return + C(quarter),C(quarter)[T.2025Q2],-0.011795454652670465,,,,,,754,0.046652916948619505
Table 6,10-Q,tfidf,True,Firm and quarter clusters,filing_return ~ Negative_tfidf_z + log_pre_vol + log_size + log_turnover + log_words + pre_return + C(quarter),C(quarter)[T.2025Q3],-0.03612869927510299,,,,,,754,0.046652916948619505
Table 6,10-Q,tfidf,True,Firm and quarter clusters,filing_return ~ Negative_tfidf_z + log_pre_vol + log_size + log_turnover + log_words + pre_return + C(quarter),C(quarter)[T.2025Q4],-0.044566621801069316,0.015636176045318254,-2.850225123578942,0.010237218981544182,-0.0772935143828834,-0.011839729219255225,754,0.046652916948619505
Table 6,10-Q,tfidf,True,Firm and quarter clusters,filing_return ~ Negative_tfidf_z + log_pre_vol + log_size + log_turnover + log_words + pre_return + C(quarter),Negative_tfidf_z,-0.006870517422484772,0.008034338293893719,-0.8551441539008287,0.403126263166075,-0.023686580732858138,0.009945545887888593,754,0.046652916948619505
Table 6,10-Q,tfidf,True,Firm and quarter clusters,filing_return ~ Negative_tfidf_z + log_pre_vol + log_size + log_turnover + log_words + pre_return + C(quarter),log_pre_vol,-0.03253913489221457,0.02240767259369288,-1.4521425532330121,0.16277630758339498,-0.07943893263411958,0.014360662849690446,754,0.046652916948619505
Table 6,10-Q,tfidf,True,Firm and quarter clusters,filing_return ~ Negative_tfidf_z + log_pre_vol + log_size + log_turnover + log_words + pre_return + C(quarter),log_size,-0.0013776775495192616,0.002750194118651716,-0.5009382938374796,0.6221683198006331,-0.007133899994149562,0.004378544895111039,754,0.046652916948619505
Table 6,10-Q,tfidf,True,Firm and quarter clusters,filing_return ~ Negative_tfidf_z + log_pre_vol + log_size + log_turnover + log_words + pre_return + C(quarter),log_turnover,0.017478678631900772,0.01088064523798209,1.6064009302395328,0.12467782685454103,-0.005294773578678958,0.0402521308424805,754,0.046652916948619505
Table 6,10-Q,tfidf,True,Firm and quarter clusters,filing_return ~ Negative_tfidf_z + log_pre_vol + log_size + log_turnover + log_words + pre_return + C(quarter),log_words,0.004885337967671173,0.012181363990966504,0.401050159185298,0.6928576171979777,-0.020610549880924915,0.03038122581626726,754,0.046652916948619505
Table 6,10-Q,tfidf,True,Firm and quarter clusters,filing_return ~ Negative_tfidf_z + log_pre_vol + log_size + log_turnover + log_words + pre_return + C(quarter),pre_return,0.018733191227409247,0.032498124847550484,0.5764391427286071,0.5710848326828247,-0.049286165801678265,0.08675254825649675,754,0.046652916948619505
